location,Item,Brand,Model,Category,Status,Owner,Quantity,Serial number,Description,Notes
LA,[LM] DJI Mic Kit w/ Case,DJI,Mic,Audio,Missing,Liquid Media,1,4VGZM220214RC,,
LA,[LM] Rode SC19 USB-C to Lightening Cable,Rode,sc19,Audio,Missing,Liquid Media,1,,,
LA,[LM] Rode Wireless Go II - Set B,RODE,Wireless Go II,Audio,Missing,Liquid Media,1,HF0612982,,
LA,Audio Technica 2005 USB,Audio-Technica,2005 USB,Audio,Missing,BMC,1,Ballast: 6hx00h11852 | Light: 6hx00m11900,,
LA,Behringer X Air,Behringer,X Air,Audio,Missing,BMC,1,S201004569BI8,,
LA,Behringer X-Touch Compact Switcher,Behringer,X-Touch Compact Controller,Audio,Missing,BMC,1,S191100268B3L,,
LA,CLOUDLIFTER CL-1,Cloud Microphones,CL-1,Audio,Missing,BMC,1,,,
LA,CLOUDLIFTER CL-1,Cloud Microphones,CL-1,Audio,Missing,BMC,1,S201004569BI8,,
LA,CLOUDLIFTER CL-1,Cloud Microphones,CL-1,Audio,Missing,BMC,1,S191100268B3L,,
LA,CLOUDLIFTER CL-1,Cloud Microphones,CL-1,Audio,Missing,BMC,1,980714,,
LA,KTEC AVALON KEG-88CC,KTEC,AVALON KEG-88CC,Audio,Missing,BMC,1,,,
LA,NICAMA NC-MR W/BLIMP,NICAMA,NC-MR,Audio,Good,BMC,1,,,
LA,Senheiser MKE600 [2],Senheiser,MKE600,Audio,Missing,BMC,1,BN211905302BG,,
LA,Shure SM-58 Microphone Kit [1],Shure,SM-58 Microphone Kit,Audio,Good,BMC,1,3RI2684420,,
LA,Shure SM-58 Microphone Kit [2],Shure,SM-58 Microphone Kit,Audio,Good,BMC,1,3QK1837921,,
LA,Shure SM7B [1],Shure,SM7B,Audio,Missing,BMC,1,5134175922 | 5373101245,,
LA,Shure SM7B [2],Shure,SM7B,Audio,Missing,BMC,1,4336208974,,
LA,Shure SM7B [3],Shure,SM7B,Audio,Missing,BMC,1,4524159281,,
LA,Sony URX-B40 LAV Transmitter & Receiver [2],Sony,URX-B40,Audio,Missing,BMC,1,100176,Monitor,
LA,Sony XLR-A2M,Sony,XLR-A2M,Audio,Missing,BMC,1,3000947,,
LA,Sony XLR-H1,Sony,XLRH1 X,Audio,Good,BMC,1,,,
LA,"Sony XLR- H1 ",Sony,XLR-K2M XLR Adapter Kit,Audio,Needs Repair,BMC,1,100177,,"Bottom is broken "
LA,Sound Devices MixPre-6 Field Recorder,Sound Devices,MixPre-6,Audio,Missing,BMC,1,TH0721139277,,
LA,STEINBERG UR22C,STEINBERG,UR22C,Audio,Missing,BMC,1,YEAM05343,,
LA,Ultimate Support MC 125 #1,Ultimate Support,MC 125,Audio,Missing,BMC,1,AF12-000366-01,,
LA,Ultimate Support MC 125 #2,Ultimate Support,MC 125,Audio,Missing,BMC,1,AI01-001526-05,,
LA,Rode Link LAV Transmitter & Receiver,Rode,Link LAV,Audio/Audio Lavs,Missing,BMC,1,CT0003158,,
LA,Rode RX/TX Packs,Rode,RX/TX Packs,Audio/Audio Lavs,Missing,BMC,1,TPDN003877968,,
LA,Sennheiser SK 100 G4 Transmitter,Sennheiser,SK 100 G4,Audio/Audio Lavs,Good,BMC,1,5163163190 | 5393101764,,
LA,"Sennheiser SK 100 G4 Transmitter ",Sennheiser,SK 100 G4,Audio/Audio Lavs,Good,BMC,1,5134175922 | 5373101245,,
LA,Sennheiser SK-100 LAV G3 Transmitter,Sennheiser,SK 100 G3,Audio/Audio Lavs,Good,BMC,1,4336208974,,
LA,Sennheiser SK-100 G3  Transmitter,Sennheiser,SK 100 G3,Audio/Audio Lavs,Good,BMC,1,4524159281,,
LA,"Sennheiser EK-100 LAV  Receiver ",Sennheiser,EK 100,Audio/Audio Lavs,Good,BMC,1,4524101424,,
LA,Sennheiser SK - AVX,Sennheiser,avx,Audio/Audio Lavs,Good,BMC,1,1173206340,,
LA,Sennheiser SK - AVX,Sennheiser,avx,Audio/Audio Lavs,Good,BMC,1,5074215885,,
LA,Sennheiser SK - AVX,Sennheiser,avx,Audio/Audio Lavs,Good,BMC,1,1253207594,,
LA,Sennheiser SK-  AVX,Sennheiser,avx,Audio/Audio Lavs,Good,BMC,1,5064214919,,
LA,Sennheiser EK 100 G4,Sennheiser,EK 100 G4,Audio/Audio Lavs,Good,BMC,1,5393101764,,
LA,Sennheiser EK-100 Receiver G3,Sennheiser,EK-100 Reciever G3,Audio/Audio Lavs,Good,BMC,1,4336133284,,
LA,Sennheiser EK-100 Receiver G3,Sennheiser,EK-100 Receiver G3,Audio/Audio Lavs,Good,BMC,1,4205108498,,
LA,Sennheiser EW-100 Receiver G3,Sennheiser,EW-100 Reciever G3,Audio/Audio Lavs,Missing,BMC,1,1,,
LA,Sennheiser EW-100 Transmitter G3,Sennheiser,EW-100 Transmitter G3,Audio/Audio Lavs,Missing,BMC,1,,,
LA,Sennheiser EW-100 Transmitter G3,Sennheiser,EW-100 Transmitter G3,Audio/Audio Lavs,Missing,BMC,1,,,
LA,Sony URX-P40 Reciever,Sony,URX-P40 Reciever,Audio/Audio Lavs,Missing,BMC,1,1012206,,
LA,Sony URX-P40 Reciever,Sony,URX-P40 Reciever,Audio/Audio Lavs,Missing,BMC,1,4808267,,
LA,Sony URX-P40 Transmitter,Sony,URX-P40,Audio/Audio Lavs,Missing,BMC,1,100177,SONY TOUGH A #1,
LA,Sony UTX-B40 Transmitter,Sony,UTX-B40,Audio/Audio Lavs,Missing,BMC,1,100176,SONY TOUGH A #2,
LA,Sony UWP-D21 LAV,Sony,UWP-D21 LAV,Audio/Audio Lavs,Missing,BMC,1,CGX282223TVDKAC6006A05,SONY TOUGH 128GB #3,
LA,Sony UWP-D21 LAV,Sony,UWP-D21 LAV,Audio/Audio Lavs,Missing,BMC,1,CGX282136TVDKAB9010A01,SONY TOUGH 128GB #4,
LA,[LM] Rode Interview Mic 001,Rode,Interview Go,Audio/Audio Mics,Missing,Liquid Media,1,,RX100,
LA,[LM] Rode Interview Mic 002,Rode,Interview Go,Audio/Audio Mics,Missing,Liquid Media,1,,RX100,
LA,Audio Techinca AT 200 5 USB,Audio-Technica,AT 200 5 USB,Audio/Audio Mics,Good,BMC,1,,,
LA,Audio Techinca Pro44 Cardiod,Audio-Technica,Pro44 Cardiod,Audio/Audio Mics,Missing,BMC,1,Ballast: 6hx00g10096 | Light:6hx00h11852,,
LA,Core DPA Screet - Lav Mic,Core DPA,Screet - Lav Mic,Audio/Audio Mics,Missing,BMC,1,580708,,
LA,Core DPA Screet - Lav Mic,Core DPA,Screet - Lav Mic,Audio/Audio Mics,Missing,BMC,1,580713,,
LA,OnStage Gooseneck Microphone,OnStage,Gooseneck Microphone,Audio/Audio Mics,Missing,BMC,1,,,
LA,Rode NTG4+ (Shotgun) [1],Rode,NTG4+ (Shotgun),Audio/Audio Mics,Good,BMC,1,CQ0005628,,
LA,Rode Reporter,Rode,Reporter,Audio/Audio Mics,Good,BMC,1,2312,,
LA,"Rode Reporter ",Rode,Reporter,Audio/Audio Mics,Good,BMC,1,2938,,
LA,Rode VideoMic Pro [2],Rode,VideoMic Pro,Audio/Audio Mics,Good,BMC,1,CR0028289,,
LA,Rode VideoMic Pro+ [1],Rode,VideoMic Pro+,Audio/Audio Mics,Good,BMC,1,DU0103733,,
LA,Rode VideoMic Pro+ [2],Rode,VideoMic Pro+,Audio/Audio Mics,Good,BMC,1,DU0103721,,
LA,Rode VideoMic Pro+ [3],Rode,VideoMic Pro+,Audio/Audio Mics,Missing,BMC,1,DU0017621,,
LA,Rode VIDEOMICRO,Rode,VIDEOMICRO,Audio/Audio Mics,Good,BMC,1,DC0001998,,
LA,Sennheiser MKE 600,Sennheiser,MKE 600,Audio/Audio Mics,Good,BMC,1,,,
LA,Sennheiser MKE 600,Sennheiser,MKE 600,Audio/Audio Mics,Good,BMC,1,,,
LA,Sony ECM-XM1 [1],Sony,ECM-XM1,Audio/Audio Mics,Good,BMC,1,1030225,,
LA,Sony ECM-XM1 [2],Sony,ECM-XM1,Audio/Audio Mics,Missing,BMC,1,1029678,,
LA,Sure SM58A Wireless w/ Reciever,Sure,SM58A Wireless w/ Reciever,Audio/Audio Mics,Good,BMC,1,,,
LA,Sure SM58A Wireless w/ Reciever,Sure,SM58A Wireless w/ Reciever,Audio/Audio Mics,Missing,BMC,1,,,
LA,Sure SM7B,Sure,SM7B,Audio/Audio Mics,Missing,BMC,1,YEAM05343,,
LA,Sure SM7B,Sure,SM7B,Audio/Audio Mics,Missing,BMC,1,,,
LA,Audio Techinca MX-20,Audio-Technica,MX-20,Audio/Audio Misc,Good,BMC,1,,,
LA,Audio Techinca MX-20,Audio-Technica,MX-20,Audio/Audio Misc,Good,BMC,1,Ballast: 6fa02n28460 | Light:6fa02n28460,,
LA,Audio Techinca MX-30,Audio-Technica,MX-30,Audio/Audio Misc,Missing,BMC,1,Ballast: 6fa02m28498 | Light: 6fa02m28498,,
LA,Berhinger XAIR-18,Berhinger,XAIR-18,Audio/Audio Misc,Missing,BMC,1,N/A,MAGIC FULL DIFF CLOTH - 1/4 DIFF CLOTH- GRID,
LA,Diety VO-7U USB PODCAST Kit,Diety,VO-7U USB PODCAST Kit,Audio/Audio Misc,Missing,BMC,1,7385005750,,
LA,Diety VO-7U USB PODCAST Kit,Diety,VO-7U USB PODCAST Kit,Audio/Audio Misc,Missing,BMC,1,,,
LA,PortaBrace Field Audio Bag for MixPre-6 Recorder,PortaBrace,Field Audio Bag for MixPre-6 Recorder,Audio/Audio Misc,Missing,BMC,1,,,
LA,ProBoom Ultama Gen 2 Ultra low profile Mic boom,ProBoom Ultama,Gen 2 Ultra low profile Mic boom,Audio/Audio Misc,Good,BMC,1,,,
LA,ProBoom Ultama Gen 2 Ultra low profile Mic boom,ProBoom Ultama,Gen 2 Ultra low profile Mic boom,Audio/Audio Misc,Missing,BMC,1,,BROKEN THROWN OUT,
LA,ProBoom Ultama Gen 2 Ultra low profile Mic boom,ProBoom Ultama,Gen 2 Ultra low profile Mic boom,Audio/Audio Misc,Missing,BMC,1,,BROKEN THROWN OUT,
LA,Tentacle Sync SYNC E  MKII TIME CODE GENERATOR (CODY SYNCER),Tentacle Sync,SYNC E MKIITIME CODE GENERATOR,Audio/Audio Misc,Good,BMC,1,n/a,,
LA,Tentacle Sync SYNC E  MKII TIME CODE GENERATOR (Time&Syncer),Tentacle Sync,SYNC E MKIITIME CODE GENERATOR,Audio/Audio Misc,Good,BMC,1,n/a,,
LA,Ultimate support  MC-125,Ultimate Support,MC-125,Audio/Audio Misc,Missing,BMC,1,,,
LA,Ultimate support  MC-125,Ultimate Support,MC-125,Audio/Audio Misc,Missing,BMC,1,,,
LA,[LM] Rode Wireless Go II - Set A,Rode,Wireless Go,Audio/Audio Recorders,Missing,Liquid Media,1,HH0520120,,
LA,Sound Devices MixPre-6 Recorder,Sound Devices,MixPre-6 Recorder,Audio/Audio Recorders,Missing,BMC,1,100176,,
LA,Zoom H8,Zoom,H8,Audio/Audio Recorders,Missing,BMC,1,C52019555,,
LA,Rode  21/22,Rode,21/22,Audio/Audio Wind Screens,Missing,BMC,1,,,
LA,Rode  Blimp,Rode,Blimp,Audio/Audio Wind Screens,Missing,BMC,1,,,
LA,[LM] SmallRig NP-F970 Duel-Battery & Charger Kit,SmallRig,NP-F970 Duel-Battery & Charger Kit,Batteries,Good,Liquid Media,1,3QK1837921,,
LA,[LM] SmallRig NP-F970 Duel-Battery & Charger Kit,SmallRig,NP-F970 Duel-Battery & Charger Kit,Batteries,Good,Liquid Media,1,,,
LA,Battery Pack NP-F550 [1],Battery Pack,NP-F550,Batteries,Good,BMC,1,6bq03u25262,,
LA,Battery Pack NP-F550 [2],Battery Pack,NP-F550,Batteries,Good,BMC,1,,,
LA,Canon LP-E6 001,Canon,LP-E6,Batteries,Good,BMC,1,6EC00C18329,,
LA,Canon LP-E6 002,Canon,LP-E6,Batteries,Good,BMC,1,,,
LA,Canon LP-E6 003,Canon,LP-E6,Batteries,Good,BMC,1,,,
LA,Canon LP-E6 004,Canon,LP-E6,Batteries,Good,BMC,1,,,
LA,Canon LP-E6 005,Canon,LP-E6,Batteries,Good,BMC,1,,,
LA,Canon LP-E6 006,Canon,LP-E6,Batteries,Good,BMC,1,6ec00v18353,,
LA,Canon LP-E6 007,Canon,LP-E6,Batteries,Good,BMC,1,6dy02r50012,,
LA,Canon LP-E6 008,Canon,LP-E6,Batteries,Good,BMC,1,025-0911853,,
LA,Canon LP-E6 009,Canon,LP-E6,Batteries,Good,BMC,1,038-0523784,,
LA,Canon LP-E6 010,Canon,LP-E6,Batteries,Good,BMC,1,038-0523711,,
LA,Canon LP-E6 011,Canon,LP-E6,Batteries,Good,BMC,1,N/A,,
LA,Canon LP-E6 012,Canon,LP-E6,Batteries,Good,BMC,1,038-0523828,,
LA,Canon LP-E6 013,Canon,LP-E6,Batteries,Good,BMC,1,526-0300600,,
LA,Canon LP-E6 014,Canon,LP-E6,Batteries,Good,BMC,1,K1A9ATCN53H84,,
LA,Canon LP-E6 015,Canon,LP-E6,Batteries,Good,BMC,1,K2A9NJ0150H53,,
LA,Canon LP-E6 016,Canon,LP-E6,Batteries,Good,BMC,1,,,
LA,Canon LP-E6 017,Canon,LP-E6,Batteries,Missing,BMC,1,,,
LA,Canon LP-E6 018,Canon,LP-E6,Batteries,Missing,BMC,1,,,
LA,Canon LP-E6 019,Canon,LP-E6,Batteries,Missing,BMC,1,,,
LA,DJI Mavic Battery [1],DJI,Mavic Battery,Batteries,Good,BMC,1,0P2DH836440068,Mavic,
LA,DJI Mavic Battery [2],DJI,Mavic Battery,Batteries,Good,BMC,1,0P2AH7453402DQ,Mavic,
LA,DJI Mavic Battery [3],DJI,Mavic Battery,Batteries,Missing,BMC,1,0P2AH8553403RF,,
LA,Dracast DS-90s [1],Dracast,DS-90s,Batteries,Good,BMC,1,LH1512B102,v-lock,
LA,Dracast DS-90s [2],Dracast,DS-90s,Batteries,Good,BMC,1,LH1512B172,v-lock,
LA,Dracast DS-90s [3],Dracast,DS-90s,Batteries,Good,BMC,1,LH1505115,v-lock,
LA,Dracast DS-90s [4],Dracast,DS-90s,Batteries,Missing,BMC,1,LH1505120,v-lock,
LA,Dracast DS-90s Charger [1],Dracast,DS-90s Charger,Batteries,Good,BMC,1,BATTC2015903425,,
LA,DSTE BP-U60 Battery [9],DSTE,BP-U60 Battery,Batteries,Good,BMC,1,,,
LA,Enloop AA - 12x,Enloop,AA - 12x,Batteries,Missing,BMC,1,,,
LA,GoNine NP-FZ100 Dummy Battery [1],GoNine,NP-FZ100,Batteries,Good,BMC,1,3N6SHBQR062HE7,,
LA,GoNine NP-FZ100 Dummy Battery [2],GoNine,NP-FZ100,Batteries,Good,BMC,1,14082A01100034014101014,,
LA,GoPro 4 Battery,GoPro,Go Pro,Batteries,Missing,BMC,1,,GoPro,
LA,GoPro Battery [1],GoPro,Go Pro,Batteries,Missing,BMC,1,422043MGPV30126459,GoPro,
LA,Kastar BP-U30 Battery [4],Kastar,BP-U30 Battery,Batteries,Good,BMC,1,JX11L1A02903,,
LA,Kastar BP-U30 Battery [5],Kastar,BP-U30 Battery,Batteries,Good,BMC,1,,,
LA,Kastar BP-U60 Battery [8],Kastar,BP-U60 Battery,Batteries,Good,BMC,1,,,
LA,Kastar  BPU-90,Kastar,BPU-90,Batteries,Good,BMC,1,,,
LA,Kastar  BPU-90,Kastar,BPU-90,Batteries,Good,BMC,1,,FS7/Fx6,
LA,Kastar  BPU-90,Kastar,BPU-90,Batteries,Needs Repair,BMC,1,,FS7/Fx6,"broken not recharging "
LA,Kastar  BPU-90,Kastar,BPU-90,Batteries,Missing,BMC,1,,FS7/Fx6,
LA,NewMowa NP-BX1,NewMowa,NP-BX1,Batteries,Missing,BMC,1,,RX100,
LA,NewMowa NP-BX1,NewMowa,NP-BX1,Batteries,Missing,BMC,1,,RX100,
LA,NewMowa NP-BX1,NewMowa,NP-BX1,Batteries,Missing,BMC,1,,RX100,
LA,NewMowa NP-BX1,NewMowa,NP-BX1,Batteries,Missing,BMC,1,,RX100,
LA,PowerExtra NP-BX1,PowerExtra,NP-BX1,Batteries,Missing,BMC,1,,RX100,
LA,PowerExtra NP-BX1,PowerExtra,NP-BX1,Batteries,Missing,BMC,1,,RX100,
LA,PowerExtra NP-BX1,PowerExtra,NP-BX1,Batteries,Missing,BMC,1,,RX100,
LA,"Sony BP-U35 Battery ",Sony,BP-U35 Battery,Batteries,Missing,BMC,1,440170,,
LA,Sony BP-U35 Battery [1],Sony,BP-U35 Battery,Batteries,Good,BMC,1,20210625,,
LA,"Sony BP-U35 Battery ",Sony,BP-U35 Battery,Batteries,Good,BMC,1,20210623,,
LA,Sony BP-U60 Battery [1],Sony,BP-U60 Battery,Batteries,Good,BMC,1,20130118,,
LA,Sony BP-U60 Battery [2],Sony,BP-U60,Batteries,Missing,BMC,1,1301367,,
LA,Sony BP-U70 Battery [4],Sony,BP-U70 Battery,Batteries,Missing,BMC,1,1019208,A7,
LA,Sony BP-U70 Battery [5],Sony,BP-U70 Battery,Batteries,Missing,BMC,1,1019204,A7,
LA,Sony BP-U70 Battery [6],Sony,BP-U70 Battery,Batteries,Missing,BMC,1,1016052,FS7/Fx6,
LA,Sony NP-BX1,Sony,NP-BX1,Batteries,Missing,BMC,1,,RX100,
LA,Sony NP-BX1 Battery [1],Sony,NP-BX1 Battery,Batteries,Missing,BMC,1,20190620WFB,,
LA,Sony NP-BX1 Battery [2],Sony,NP-BX1 Battery,Batteries,Missing,BMC,1,,,
LA,Sony NP-BX1 Battery [3],Sony,NP-BX1 Battery,Batteries,Missing,BMC,1,1931406,,
LA,Sony NP-FZ100 Battery [1],Sony,NP-FZ100 Battery,Batteries,Missing,BMC,1,KVK2H8Y2XVX92A,,
LA,Sony NP-FZ100 Battery [2],Sony,NP-FZ100 Battery,Batteries,Missing,BMC,1,YBH2A9E25JUFV5,,
LA,Sony NP-FZ100 Battery [3],Sony,NP-FZ100 Battery,Batteries,Missing,BMC,1,36B2M8T2WRXZV2,,
LA,Sony NP-FZ100 Battery [4],Sony,NP-FZ100 Battery,Batteries,Good,BMC,1,FBW298V2YMAP23,RX100,
LA,Sony NP-FZ100 Battery [5],Sony,NP-FZ100 Battery,Batteries,Missing,BMC,1,EHV2R9S2JJ7PPR,,
LA,Sony NP-FZ100 Battery [6],Sony,NP-FZ100 Battery,Batteries,Good,BMC,1,44H2L9P2MTXJW2,,
LA,Sony NP-FZ100 Battery [7],Sony,NP-FZ100 Battery,Batteries,Good,BMC,1,SNB2L9Y2JWLZ9X,,
LA,Sony NP-FZ100 Battery 001,Sony,NP-FZ100 Battery,Batteries,Missing,BMC,1,,,
LA,Sony NP-FZ100 Battery 002,Sony,NP-FZ100 Battery,Batteries,Missing,BMC,1,,,
LA,Sony NPF970 Battery - L series [1],Sony,NPF970 - L series,Batteries,Missing,BMC,1,XWS2Y9H2KLLKJP,Monitor,
LA,Sony NPF970 Battery - L series [2],Sony,NPF970 - L series,Batteries,Missing,BMC,1,EHB2R9S2JJ7PPR,Monitor,
LA,Sony NPF970 Battery - L series [3],Sony,NPF970 - L series,Batteries,Missing,BMC,1,4XB2J9424ESU87,Monitor,
LA,Sony NPF970 Battery- L series [4],Sony,NPF970 - L series,Batteries,Good,BMC,1,,Monitor,
LA,Wasabi Power LP-E6,Wasabi Power,LP-E6,Batteries,Missing,BMC,1,AI01-001526-05,,
LA,Wasabi Power LP-E6,Wasabi Power,LP-E6,Batteries,Missing,BMC,1,,Canon Charger,
LA,Wasabi Power LP-E6,Wasabi Power,LP-E6,Batteries,Missing,BMC,1,,Canon Charger,
LA,Wasabi Power LP-E6,Wasabi Power,LP-E6,Batteries,Missing,BMC,1,N/A,Canon Charger,
LA,Wasabi Power LP-E6,Wasabi Power,LP-E6,Batteries,Missing,BMC,1,,Canon Charger,
LA,Wasabi Power LP-E6,Wasabi Power,LP-E6,Batteries,Missing,BMC,1,,Canon Charger,
LA,Wasabi Power LP-E6,Wasabi Power,LP-E6,Batteries,Missing,BMC,1,,,
LA,Wasabi Power LP-E6,Wasabi Power,LP-E6,Batteries,Missing,BMC,1,,,
LA,Wasabi Power LP-E6,Wasabi Power,LP-E6,Batteries,Missing,BMC,1,,,
LA,Wasabi Power LP-E6,Wasabi Power,LP-E6,Batteries,Missing,BMC,1,,,
LA,Wasabi Power LP-E6,Wasabi Power,LP-E6,Batteries,Missing,BMC,1,,,
LA,Wasabi Power LP-E6,Wasabi Power,LP-E6,Batteries,Missing,BMC,1,,,
LA,Wasabi Power LP-E6,Wasabi Power,LP-E6,Batteries,Missing,BMC,1,,,
LA,Wasabi Power LP-E6,Wasabi Power,LP-E6,Batteries,Missing,BMC,1,,,
LA,Wasabi Power LP-E6,Wasabi Power,LP-E6,Batteries,Missing,BMC,1,,,
LA,Yellow LP-E6,Yellow,LP-E6,Batteries,Missing,BMC,1,,,
LA,Yellow LP-E6,Yellow,LP-E6,Batteries,Missing,BMC,1,,,
LA,Anton Bauer L-Series,Anton Bauer,L-Series,Battery Chargers,Missing,BMC,1,,Monitor,
LA,Anton Bauer L-Series Charger [1],Anton Bauer,L-Series,Battery Chargers,Good,BMC,1,,Monitor,
LA,Anton Bauer L-Series Charger [2],Anton Bauer,L-Series,Battery Chargers,Good,BMC,1,,Monitor,
LA,DeWALT DCB112,DeWALT,DCB112,Battery Chargers,Missing,BMC,1,7385005750,,
LA,DJI C4S80,DJI,C4S80,Battery Chargers,Missing,BMC,1,13ZHGCE21100NT,,
LA,DJI F2C60,DJI,F2C60,Battery Chargers,Missing,BMC,1,2750006219,,
LA,DJI M2CH,DJI,M2CH,Battery Chargers,Missing,BMC,1,N/A,Maverick Drone,
LA,Dracast DS-90s Charger [2],Dracast,DS-90s Charger,Battery Chargers,Missing,BMC,1,BATTC2015903425,,
LA,Enloop AAA / AA,Enloop,AAA / AA,Battery Chargers,Missing,BMC,1,,,
LA,Enloop AAA / AA,Enloop,AAA / AA,Battery Chargers,Missing,BMC,1,,,
LA,GoPro BLBC1,GoPro,BLBC1,Battery Chargers,Missing,BMC,1,,GoPro,
LA,NEEWER DC-LCDQ,NEEWER,DC-LCDQ,Battery Chargers,Missing,BMC,1,,,
LA,NEEWER DL-FZ100,NEEWER,DL-FZ100,Battery Chargers,Missing,BMC,1,,,
LA,NewMoa RX100 Charger,NewMoa,RX100 Charger,Battery Chargers,Missing,BMC,1,,RX100,
LA,NITECORE USN4 PRO,NITECORE,USN4 PRO,Battery Chargers,Missing,BMC,1,,,
LA,PANASONIC BC-CC17,PANASONIC,BC-CC17,Battery Chargers,Missing,BMC,1,,,
LA,PANASONIC BQ-CC55 #1,PANASONIC,BQ-CC55,Battery Chargers,Missing,BMC,1,,,
LA,Panasonic BQCC-55 Charger,Panasonic,BQCC-55 Charger,Battery Chargers,Missing,BMC,1,,,
LA,POWEREXTRA DS-BX1,POWEREXTRA,DS-BX1,Battery Chargers,Missing,BMC,1,,,
LA,SMATREE S-G5,SMATREE,S-G5,Battery Chargers,Missing,BMC,1,72ES201280018,,
LA,SONY BC-CU1A,Sony,BC-CU1A,Battery Chargers,Good,BMC,1,,,
LA,SONY BC-CU1A #2,Sony,BC-CU1A,Battery Chargers,Missing,BMC,1,201425,,
LA,Sony BC-QZ1 Charger,Sony,BC-QZ1 Charger,Battery Chargers,Missing,BMC,1,6161514,,
LA,SONY BC-TRX,Sony,BC-TRX,Battery Chargers,Missing,BMC,1,19065PA1003410,,
LA,SONY BC-U1A Charger #1,Sony,BC-U1A Charger,Battery Chargers,Missing,BMC,1,19072900236,,
LA,SONY BC-U1A Charger #3,Sony,BC-U1A Charger,Battery Chargers,Missing,BMC,1,18052000498,,
LA,Sony BCQZ1 Z-Series Battery Charger [1],Sony,BCQZ1 Z-Series Battery Charger,Battery Chargers,Good,BMC,1,2008PA1000985,A7,
LA,Sony BCQZ1 Z-Series Battery Charger [2],Sony,BCQZ1 Z-Series Battery Charger,Battery Chargers,Good,BMC,1,18105PA1003100,A7,
LA,Sony BCQZ1 Z-Series Battery Charger [3],Sony,BCQZ1 Z-Series Battery Charger,Battery Chargers,Missing,BMC,1,18095PA1002371,A7,
LA,Sony BCU2A #1,Sony,BCU2A,Battery Chargers,Good,BMC,1,21052000652,FS7/Fx6,
LA,Sony BCU2A #2,Sony,BCU2A,Battery Chargers,Good,BMC,1,21052000054,FS7/Fx6,
LA,Wasabi Power Canon Charger [1],Wasabi Power,Canon Charger,Battery Chargers,Missing,BMC,1,,Canon Charger,
LA,Wasabi Power Canon Charger [2],Wasabi Power,Canon Charger,Battery Chargers,Missing,BMC,1,,Canon Charger,
LA,Wasabi Power Canon Charger [3],Wasabi Power,Canon Charger,Battery Chargers,Missing,BMC,1,N/A,Canon Charger,
LA,Wasabi Power Canon Charger [4],Wasabi Power,Canon Charger,Battery Chargers,Missing,BMC,1,,Canon Charger,
LA,Wasabi Power Canon Charger [5],Wasabi Power,Canon Charger,Battery Chargers,Missing,BMC,1,,Canon Charger,
LA,[LM] DJI Smartphone Stabilizer,DJI,Osmo Mobile 6,Camera Accessories,Missing,Liquid Media,1,5W3VM24206E0AV6B,,
LA,[LM] Camera Slider,MYT Works Medium Glide,"Camera Slider 3""Rail",Camera Accessories,Good,Liquid Media,1,MY1602,,
LA,[LM] Tilta FX6 Camera Cage ADV Kit - V-Mount 001,Tilta,TIEST20BV,Camera Accessories,Missing,Liquid Media,1,K149S9SE51C14,,
LA,[LM] Tilta FX6 Camera Cage ADV Kit - V-Mount 002,Tilta,TIEST20BV,Camera Accessories,Missing,Liquid Media,1,,,
LA,Atomos CONNECT,Atomos,CONNECT,Camera Accessories,Missing,BMC,1,K1A9ATCN53H84,,
LA,Bright Tangerine Misfit Kick 3-Stage Matte Box Kit,Bright Tangerine,Misfit Kick 3-Stage Matte Box Kit,Camera Accessories,Usable,BMC,1,N/A,,"missing step up rings "
LA,Manfrotto 319H Short Hi Hat Locking Handle,Manfrotto,319H Short Hi Hat Locking Handle (LM),Camera Accessories,Missing,BMC,1,MA319SH,GoPro,
LA,SanDisk Extreme 64GB - 150MB/s SD,SanDisk,Extreme 64GB 150MB/S,Camera Accessories,Missing,BMC,1,BN211905302BG,,
LA,"D-TAP Power Cable  for Sony Fx6 ( 15"" 19.5V)",SHAPE,,Camera Accessories,Good,BMC,1,n/a,,
LA,"Small Rig 7"" Monitor Arms 001",Small Rig,"7"" Monitor Arms",Camera Accessories,Missing,BMC,1,,,
LA,"Small Rig 7"" Monitor Arms 002",Small Rig,"7"" Monitor Arms",Camera Accessories,Missing,BMC,1,5163163190,,
LA,SMALL HD ULTRA 5 BOLT 6 RXough,SmallHD,SMALLHD 503,Camera Accessories,Usable,BMC,1,U5BS223270370,,1 broken atenna
LA,Teradek Bolt 4k LT 750,Teradek,Bolt 4k LT 750,Camera Accessories,Good,BMC,1,(T) 0220109761  |  (R) 0220212052,,one antenna is broken
LA,LEXAR 128GB 300 R/W,LEXAR,128GB,Camera Accessories/Camera Media,Good,BMC,1,L0700547307555128B29230,,
LA,Lexar 128GB 440 XQD,Lexar,128GB 440 XQD,Camera Accessories/Camera Media,Missing,BMC,1,#1,,
LA,ONN 16GB 85MBS,ONN,16GB 85MBS,Camera Accessories/Camera Media,Good,BMC,1,N/A,,
LA,PNY EliteX-pro90 128gb 300mb read 280 write,PNY,EliteX-pro90 128gb 300mb read 280 write,Camera Accessories/Camera Media,Good,BMC,1,,,
LA,PNY EliteX-pro90 128gb 300mb read 280 write,PNY,EliteX-pro90 128gb 300mb read 280 write,Camera Accessories/Camera Media,Good,BMC,1,N/A,,
LA,PNY High Performance 32GB - 65MB/s SD,PNY,High Performance 32GB - 65MB/s SD,Camera Accessories/Camera Media,Missing,BMC,1,N/A,,
LA,SanDisk 128gb #11,SanDisk,128gb v90,Camera Accessories/Camera Media,Good,BMC,1,2430tpdn004111640,,
LA,SanDisk 128gb #12,SanDisk,128gb v90,Camera Accessories/Camera Media,Good,BMC,1,2420tvdn004092951,,
LA,SanDisk 128gb #5,SanDisk,EXTREME PRO 128GB,Camera Accessories/Camera Media,Good,BMC,1,2420TVDN004092951,,
LA,SanDisk 128gb #6,SanDisk,128gb v90,Camera Accessories/Camera Media,Good,BMC,1,2420tvdn004092951,,
LA,SanDisk 128gb #7,SanDisk,128gb v90,Camera Accessories/Camera Media,Missing,BMC,1,2432tpdn004115036,,
LA,SanDisk 128gb #8,SanDisk,128gb v90,Camera Accessories/Camera Media,Missing,BMC,1,2432tpdn004115036,,
LA,SanDisk Extreme PRO 128GB - 150MB/s SD,SanDisk,Extreme PRO 128GB - 95MB/s SD,Camera Accessories/Camera Media,Missing,BMC,1,,,
LA,SanDisk Extreme PRO 128GB - 300MB/s SD,SanDisk,Extreme PRO 128GB - 300MB/s SD,Camera Accessories/Camera Media,Missing,BMC,1,,,
LA,SanDisk Extreme PRO 64GB - 95MB/s SD,SanDisk,Extreme PRO 64GB - 95MB/s SD,Camera Accessories/Camera Media,Missing,BMC,1,N/A,,
LA,SanDisk Extreme PRO 64GB - 9OMB/s SD,SanDisk,Extreme PRO 64GB - 95MB/s SD,Camera Accessories/Camera Media,Missing,BMC,1,N/A,,
LA,SanDisk EXTREME PRO 64GB 170MBS,SanDisk,EXTREME PRO 64GB 170MBS,Camera Accessories/Camera Media,Good,BMC,1,,,
LA,SanDisk Ultra 30mb/s 8gb SD,SanDisk,Ultra 30mb/s 8gb SD,Camera Accessories/Camera Media,Missing,BMC,1,,,
LA,SanDisk Ultra PLUS 16GB 85MB/s SD,SanDisk,Ultra PLUS 16GB 40MB/s SD,Camera Accessories/Camera Media,Missing,BMC,1,,,
LA,SanDisk MICRO Extreme Plus 256GB SD,SanDisk MICRO,Extreme Plus 256GB SD,Camera Accessories/Camera Media,Good,BMC,1,N/A,,
LA,SanDisk MICRO Extreme Plus 64GB SD,SanDisk MICRO,Extreme Plus 64GB SD,Camera Accessories/Camera Media,Missing,BMC,1,N/A,,
LA,SanDisk MICRO Extreme Plus 64GB SD,SanDisk MICRO,Extreme Plus 64GB SD,Camera Accessories/Camera Media,Missing,BMC,1,N/A,,
LA,SanDisk MICRO Ultra PLUS 32GB 48MB/s SD,SanDisk MICRO,Ultra PLUS 32GB 48MB/s SD,Camera Accessories/Camera Media,Good,BMC,1,N/A,,
LA,SanDisk MICRO Ultra PLUS 32GB 48MB/s SD,SanDisk MICRO,Ultra PLUS 32GB 48MB/s SD,Camera Accessories/Camera Media,Good,BMC,1,N/A,,
LA,SanDisk MICRO Ultra PLUS 32GB 48MB/s SD,SanDisk MICRO,Ultra PLUS 32GB 48MB/s SD,Camera Accessories/Camera Media,Good,BMC,1,N/A,,
LA,SanDisk MICRO Ultra PLUS 64GB 48MB/s SD,SanDisk MICRO,Ultra PLUS 64GB 48MB/s SD,Camera Accessories/Camera Media,Missing,BMC,1,N/A,,
LA,Sony 128GB 440/400 XQD #3,Sony,128GB 440/400 XQD,Camera Accessories/Camera Media,Missing,BMC,1,N/A,,
LA,Sony 128GB 440/400 XQD #4,Sony,128GB 440/400 XQD,Camera Accessories/Camera Media,Missing,BMC,1,,,
LA,SONY Tough 128GB #1,Sony,128GB Tough,Camera Accessories/Camera Media,Good,BMC,1,CGX2282131TVDKAB8011A12,SONY TOUGH A #1,
LA,SONY Tough 128GB #2,Sony,128GB Tough,Camera Accessories/Camera Media,Good,BMC,1,CGX282323TVDKAD6011A07,SONY TOUGH A #2,
LA,SONY Tough 128GB #3,Sony,128GB Tough,Camera Accessories/Camera Media,Good,BMC,1,CGX282223TVDKAC6006A05,SONY TOUGH 128GB #3,
LA,SONY Tough 128GB #4,Sony,128GB Tough,Camera Accessories/Camera Media,Good,BMC,1,CGX282136TVDKAB9010A01,SONY TOUGH 128GB #4,
LA,SONY Tough 128GB #5,Sony,128GB Tough,Camera Accessories/Camera Media,Missing,BMC,1,EHB2R9S2JJ7PPR,Monitor,Do not have. Gone. Missing. AHAUHDISBFEB
LA,TRANCEND 64gb 90mbs,TRANCEND,64gb 90mbs,Camera Accessories/Camera Media,Missing,BMC,1,,,
LA,Metabones EF-E mount [1],Metabones,EF-E mount,Camera Accessories/Lens Mounts,Good,BMC,1,A1014019746,,
LA,Metabones EF-E mount [2],Metabones,"EF-E mount ",Camera Accessories/Lens Mounts,Good,BMC,1,A1014047431,,
LA,Metabones EF-E mount Speedbooster [1],Metabones,EF-E mount Speedbooster,Camera Accessories/Lens Mounts,Missing,BMC,1,1012014532,,
LA,Metabones EF-E mount Speedbooster [2],Metabones,EF-E mount Speedbooster,Camera Accessories/Lens Mounts,Missing,BMC,1,,,
LA,Tiffen 77mm CPL,Tiffen,77mm CPL,Camera Accessories/Lens Mounts,Missing,BMC,1,,,
LA,Tiffen 82 mm CPL,Tiffen,82 mm CPL,Camera Accessories/Lens Mounts,Missing,BMC,1,,,
LA,"[LM] White Canvas Lamp W/ Desk Clamp, Magnetic Phone Mount, Matte Black Base, & Remote Trigger",Canvas,,Camera Misc,Missing,Liquid Media,1,,,
LA,[LM] DJI RSC 2 Gimbal Stabilizer,DJI,RSC 2,Camera Misc,Missing,Liquid Media,1,3NNCKBTR0FEGX7,,
LA,BlackMagic Decklink Quad,Blackmagic,Decklink Quad,Camera Misc,Missing,BMC,1,7998264,,
LA,BlackMagic Multiview 4 HD,Blackmagic,Multiview 4 HD,Camera Misc,Missing,BMC,1,N/A,,
LA,DJI Osmo 4 Phone Gimbal,DJI,Omos 4 Phone Gimbal,Camera Misc,Missing,BMC,1,,,
LA,Ronin-S,DJI,Ronin-S,Camera Misc,Good,BMC,1,0EMDF7G00D00EY,,
LA,Prompter People Flex Plus 17 Teleprompter,Prompter People,Flex Plus 17 Teleprompter,Camera Misc,Good,BMC,1,N/A,,
LA,DJI Ronin-S2,Ronin,Ronin-S2,Camera Misc,Good,BMC,1,3RSPHBLCA2WXV,,
LA,Speed Rail Track,Speed Rail,Track,Camera Misc,Missing,BMC,1,3000947,,
LA,TILTA FF-TO3,TILTA,FF-TO3,Camera Misc,Missing,BMC,1,,,
LA,Ronin Phone Clip w/ Cold Shoe Mount,ULANZI,ST-07,Camera Misc,Missing,BMC,1,8249,,
LA,Benro BV 10 #1,Benro,BV 10,Camera Support,Good,BMC,1,980714,,
LA,Benro BV 10 #2,Benro,BV 10,Camera Support,Needs Repair,BMC,1,580708,,Screw came off
LA,Benro BV 10 #3,Benro,BV 10,Camera Support,Good,BMC,1,580713,,
LA,Benro Wheels DL-08 #1,Benro Wheels,DL-08,Camera Support,Good,BMC,1,N/A,,
LA,Benro Wheels DL-08 #2,Benro Wheels,DL-08,Camera Support,Good,BMC,1,N/A,MAGIC CLOTH FULL DIFF - 1/4 DIFF - GRID,
LA,Cayer BV 30 L,Caver,BV 30 L,Camera Support,Missing,BMC,1,n/a,,
LA,Dana Dolly Slider W/ RAIL ATTACHMENTS,Dana Dolly,Slider 100mm bowl,Camera Support,Good,BMC,1,N/A,,
LA,Easyrig Easyrig,Easyrig,Easyrig,Camera Support,Good,BMC,1,N/A,,
LA,Manfroto MonoPod,Manfroto,MonoPod,Camera Support,Missing,BMC,1,422043MGPV30126459,GoPro,
LA,Manfrotto monopod,Manfroto,monopod,Camera Support,Missing,BMC,1,f2864244,GoPro,
LA,Peak Design Aluminum Travel Tripod,Peak Design,Travel Tripod,Camera Support,Missing,BMC,1,8 18373 02127 6,,
LA,[LM] Apple iPhone 15 Pro Max,Apple,iPhone 15 Pro Max,Cameras,Missing,Liquid Media,1,HJ4GYXJJP4,,
LA,[LM] iPhone 15 Pro Max,Apple,iPhone,Cameras,Missing,Liquid Media,1,G2JF2GQTHH,,
LA,[LM] SONY FX-6 CAMERA #1,SONY ILME,FX-6 CAMERA LM,Cameras,Good,Liquid Media,1,"S012009577G, S012009468",,
LA,[LM] SONY FX-6 CAMERA #2,SONY ILME,FX-6 CAMERA LM,Cameras,Good,Liquid Media,1,"S012009577G, S012009468",,Top Handle broken
LA,BMC iPhone 14 Pro #1,Apple,iPhone,Cameras,Missing,BMC,1,N/A,,
LA,DJI Mavic 2 Pro w/Controller,DJI,Mavic 2 Pro,Cameras,Good,BMC,1,Camera: 0M63K1P | Controller: 1DUCH79,,
LA,DJI Mavic 2 Zoom,DJI,Mavic 2 Zoom,Cameras,Good,BMC,1,0M6CH8B - R0A1H0Q,,
LA,GoPro 10 Black,GoPro,10 Black,Cameras,Good,BMC,1,C3461325021249,,
LA,GoPro 4,GoPro,4,Cameras,Good,BMC,1,C3121125196914,,
LA,GoPro 9 Black,GoPro,9 Black,Cameras,Good,BMC,1,C3441325522441,,
LA,PTZ Optics 30x-SDI (Cher),PTZ Optics,30x-SDI (Cher),Cameras,Good,BMC,1,XF11192069,,
LA,PTZ Optics 30x-SDI (Sonny),PTZ Optics,30x-SDI (Sonny),Cameras,Good,BMC,1,XF11192067,,
LA,PTZ Optics PT30X [1],PTZ Optics,PT30X-SDI-GY-G2,Cameras,Missing,BMC,1,XF11192067,,
LA,PTZ Optics PT30X [2],PTZ Optics,PT30X-SDI-GY-G2,Cameras,Missing,BMC,1,XF11192069,,
LA,Sony A7iii,Sony,A7iii,Cameras,Good,BMC,1,6195307,,
LA,Sony A7iii [1],Sony,A7iii,Cameras,Missing,BMC,1,6161514,,
LA,Sony A7iii [2],Sony,A7iii,Cameras,Good,BMC,1,6195308,,
LA,Sony A7iii [3],Sony,A7iii,Cameras,Good,BMC,1,6177502,,
LA,Sony A7iii [4],Sony,A7iii,Cameras,Good,BMC,1,6171056,,
LA,Sony FX3 [1],Sony,FX3,Cameras,Good,BMC,1,3380735,,
LA,Sony FX3 [2],Sony,Fx3,Cameras,Good,BMC,1,3380734,,
LA,Sony FX6 [1],Sony,Fx6,Cameras,Good,BMC,1,2009577,,
LA,Sony FX6 [2],Sony,Fx6,Cameras,Good,BMC,1,2509257,,
LA,Sony PXW-FS7 [1],Sony,PXW-FS7 I,Cameras,Good,BMC,1,22973,,has metabones EF adapter on
LA,Sony RX100 [1],Sony,RX100MV,Cameras,Good,BMC,1,1012206,,
LA,Sony RX100 [2],Sony,RX100MV,Cameras,Good,BMC,1,4808267,,
LA,Sony ZV-1,Sony,ZV-1,Cameras,Good,BMC,1,993406,,
LA,[LM] Belkin BoostCharge Power Bank 20K,Belkin,BoostCharge Power Bank 20K,Chargers,Missing,Liquid Media,1,66k10hf1f19947,,
LA,[LM] Belkin Power Bank 20K,Belkin,BoostCharge Power Bank 20K,Chargers,Missing,Liquid Media,1,66K10HF1F32947,,
LA,Large Watt Dimmer Dimmer,Large Watt Dimmer,Dimmer,Electric,Good,BMC,1,,,
LA,Large Watt Dimmer Dimmer,Large Watt Dimmer,Dimmer,Electric,Good,BMC,1,,,
LA,Large Watt Dimmer Dimmer,Large Watt Dimmer,Dimmer,Electric,Good,BMC,1,,,
LA,STINGER 25ft,STINGER,25ft,Electric,Missing,BMC,1,,,
LA,STINGER 25ft,STINGER,25ft,Electric,Good,BMC,1,993406,,
LA,STINGER 25ft,STINGER,25ft,Electric,Good,BMC,1,TH0721139277,,
LA,STINGER 25ft,STINGER,25ft,Electric,Good,BMC,1,,,
LA,STINGER 25ft,STINGER,25ft,Electric,Good,BMC,1,N/A,,
LA,STINGER 50ft,STINGER,50ft,Electric,Good,BMC,1,7060A2004-K,,
LA,STINGER 50ft,STINGER,50ft,Electric,Good,BMC,1,,,
LA,[LM] Watson A-PTT-B Tri-Tap Power Adapter (Black) 001,Watson,A-PTT-B Tri-Tap Power Adapter (Black),G&E Misc,Missing,Liquid Media,1,,,
LA,[LM] Watson A-PTT-B Tri-Tap Power Adapter (Black) 002,Watson,A-PTT-B Tri-Tap Power Adapter (Black),G&E Misc,Missing,Liquid Media,1,,,
LA,1 by 1 400w Fog Machine,1byOne,400w Fog Machine,G&E Misc,Good,BMC,1,10155291,,
LA,ADJ VF1300 Fog Machine,ADJ,VF1300 Fog Machine,G&E Misc,Missing,BMC,1,B458E00353,,
LA,HAZER,Chauvet,HAZE1VX,G&E Misc,Missing,BMC,1,05071301-1121000329,,
LA,Dell Advanced Projector S718QL,Dell,Advanced Projector S718QL,G&E Misc,Missing,BMC,1,6087221,,
LA,DeWalt Drill w/ Barttery + Bits,DeWalt,Drill w/ Barttery + Bits,G&E Misc,Missing,BMC,1,6746546,,
LA,Epson 5040UB 3LCD Projector,Epson,5040UB 3LCD Projector,G&E Misc,Missing,BMC,1,,,
LA,Jackery Portable Power / Battery,Jackery,Portable Power / Battery,G&E Misc,Good,BMC,1,N/A,,
LA,"Matthews Menace Arm Kit for 1 1/2""",Matthews,"Menace Arm Kit for 1 1/2""",G&E Misc,Needs Repair,BMC,1,N/A,a few SDI ports are fried on it,needs new grommets
LA,Watson 25ft Power Extension Cord,Watson,"AC Power Extension Cord (16AWG, Black)",G&E Misc,Missing,BMC,1,,,
LA,Watson 50ft Power Extension Cord,Watson,"AC 50' Power Extension Cord (16 AWG, Black)",G&E Misc,Missing,BMC,1,,,
LA,APPLE QUARTER,Apple,QUARTER,Grip,Missing,BMC,1,N/A,,
LA,Apple Box Full Apple #1,Apple Box,Full Apple,Grip,Missing,BMC,1,N/A,,
LA,Apple Box Full Apple #2,Apple Box,Full Apple,Grip,Missing,BMC,1,N/A,,
LA,Apple Box Half Apple,Apple Box,Half Apple,Grip,Good,BMC,1,N/A,,
LA,Apple Box pancake baby,Apple Box,pancake baby,Grip,Good,BMC,1,n/a,,
LA,Apple Box pancake baby,Apple Box,pancake baby,Grip,Good,BMC,1,n/a,,
LA,Apple Box pancake baby,Apple Box,pancake baby,Grip,Good,BMC,1,n/a,,
LA,Apple Box pancake baby,Apple Box,pancake baby,Grip,Good,BMC,1,n/a,,
LA,Apple Box pancake baby pin,Apple Box,Pancake Apple,Grip,Good,BMC,1,n/a,,
LA,Apple Box Quarter Apple,Apple Box,Quarter Apple,Grip,Good,BMC,1,,,
LA,Applebox Full Apple (LM),Apple Box,Full Apple (LM),Grip,Good,BMC,1,,,
LA,Applebox Full Apple (LM),Apple Box,Full Apple (LM),Grip,Good,BMC,1,,,
LA,Applebox Full Apple (LM),Apple Box,Full Apple (LM),Grip,Good,BMC,1,,,
LA,Applebox Full Apple (LM),Apple Box,Full Apple (LM),Grip,Good,BMC,1,,,
LA,Applebox Full Apple (LM),Apple Box,Full Apple (LM),Grip,Missing,BMC,1,WX12A54YXRS,,
LA,Applebox Full Apple (LM),Apple Box,Full Apple (LM),Grip,Missing,BMC,1,,,
LA,AVENGAR 6x6  Grid W/ EARLOBES,Digital Juice,6x6 Metal Grid,Grip,Good,BMC,1,N/A,,
LA,Dracast Light Stand,Dracast,Light Stand,Grip,Missing,BMC,1,7673227,,
LA,"MATTHEWS 40"" C STAND W/ GOBO ARMS & KNUCKLES",Macke,"40"" C stand w/ Gobo + Knocke",Grip,Missing,BMC,1,C3121125196914,,
LA,Matthews Low Boy Combo Stand,Matthews,Low Boy Combo Stand,Grip,Good,BMC,1,,,
LA,Matthews Low Boy Combo Stand,Matthews,Low Boy Combo Stand,Grip,Needs Repair,BMC,1,,,"tie down is messed up "
LA,"MATTHEWS 20"" CTAND",Matthews,"20""",Grip,Good,BMC,1,,,
LA,"MATTHEWS 20"" CTAND",Matthews,"20""",Grip,Good,BMC,1,,FS7/Fx6,
LA,"MATTHEWS 20"" CTAND",Matthews,"20""",Grip,Good,BMC,1,,FS7/Fx6,
LA,"MATTHEWS 20"" CTAND",Matthews,"20""",Grip,Good,BMC,1,,FS7/Fx6,
LA,"MATTHEWS 40"" C STAND W/ GOBO ARM & KNUCKLE",Matthews,"40""",Grip,Good,BMC,1,,FS7/Fx6,
LA,"MATTHEWS 40"" C STAND W/ GOBO ARM & KNUCKLE",Matthews,"40""",Grip,Good,BMC,1,Ballast: L-3639 | Light: 3041,,
LA,"MATTHEWS 40"" C STAND W/ GOBO ARM & KNUCKLE",Matthews,"40""",Grip,Good,BMC,1,Ballast: L-3645 | Light: 3038,,
LA,"MATTHEWS 40"" C STAND W/ GOBO ARM & KNUCKLE",Matthews,"40""",Grip,Good,BMC,1,,,
LA,"MATTHEWS 40"" C STAND W/ GOBO ARM & KNUCKLE",Matthews,"40""",Grip,Good,BMC,1,,,
LA,"MATTHEWS 40"" C STAND W/ GOBO ARM & KNUCKLE",Matthews,"40""",Grip,Good,BMC,1,,,
LA,"MATTHEWS 40"" C STAND W/ GOBO ARM & KNUCKLE",Matthews,"40""",Grip,Good,BMC,1,,,
LA,"MATTHEWS 40"" C STAND W/ GOBO ARM & KNUCKLE",Matthews,"40""",Grip,Good,BMC,1,,,
LA,"MATTHEWS 40"" C STAND W/ GOBO ARM & KNUCKLE",Matthews,"40""",Grip,Good,BMC,1,L0700547307555128B29230,,
LA,MATTHEWS HIGH RISER,Matthews,HIGH RISER,Grip,Good,BMC,1,N/A,,
LA,MATTHEWS HIGH RISER,Matthews,HIGH RISER,Grip,Good,BMC,1,,,
LA,Matthews Lollipop,Matthews,Gobo Grip head,Grip,Good,BMC,1,,,
LA,Matthews Lollipop,Matthews,Gobo Grip head,Grip,Good,BMC,1,,,
LA,"MATTHEWS 40"" C STAND W/ GOBO ARM & KNUCKLE (LM-MT-01)",Matthews,"40"" C STAND W/ GOBO ARM & KNUCKLE",Grip,Good,BMC,1,204953000EBMP0593,,
LA,"MATTHEWS 40"" C STAND W/ GOBO ARM & KNUCKLE (LM-MT-02)",Matthews,"40"" C STAND W/ GOBO ARM & KNUCKLE",Grip,Good,BMC,1,B410220105342,,
LA,"MATTHEWS 40"" C STAND W/ GOBO ARM & KNUCKLE (LM-MT-03)",Matthews,"40"" C STAND W/ GOBO ARM & KNUCKLE",Grip,Good,BMC,1,,,
LA,"MATTHEWS 40"" C STAND W/ GOBO ARM & KNUCKLE (LM-MT-04)",Matthews,"40"" C STAND W/ GOBO ARM & KNUCKLE",Grip,Good,BMC,1,,,
LA,"MATTHEWS 40"" C STAND W/ GOBO ARM & KNUCKLE (LM-MT-05)",Matthews,"40"" C STAND W/ GOBO ARM & KNUCKLE",Grip,Needs Repair,BMC,1,MA319SH,,missing arm
LA,"MATTHEWS 40"" C STAND W/ GOBO ARM & KNUCKLE (LM-MT-06)",Matthews,"40"" C STAND W/ GOBO ARM & KNUCKLE",Grip,Needs Repair,BMC,1,,,missing arm
LA,"MATTHEWS 40"" C STAND W/ GOBO ARM & KNUCKLE (LM-MT-07)",Matthews,"40"" C STAND W/ GOBO ARM & KNUCKLE",Grip,Needs Repair,BMC,1,,,missing arm
LA,Neewer Light Stand,Neewer,Light Stand,Grip,Missing,BMC,1,,,
LA,Neewer Light Stand,Neewer,Light Stand,Grip,Missing,BMC,1,,,
LA,PTYLE Monitor Stand,PTYLE,Monitor Stand,Grip,Missing,BMC,1,,,
LA,PTYLE Monitor Stand,PTYLE,Monitor Stand,Grip,Missing,BMC,1,,,
LA,2X Rail 10' Speed Rail,Rail,10' Speed Rail,Grip,Good,BMC,1,N/A,,
LA,Misc SANDBAGS 14x,SANDBAGS,14x,Grip,Missing,BMC,1,,RX100,
LA,SANDBAGS 25lbs 8x,SANDBAGS,25lbs 8x,Grip,Missing,BMC,1,,RX100,
LA,SANDBAGS 35lbs 6x,SANDBAGS,35lbs 6x,Grip,Missing,BMC,1,,,
LA,sandbags orange 15lbs,sandbags,15lbs,Grip,Missing,BMC,1,,,
LA,sandbags x12 orange 15lbs,sandbags,15lbs,Grip,Missing,BMC,1,,,
LA,sandbags x12 orange 15lbs,sandbags,15lbs,Grip,Missing,BMC,1,,,
LA,sandbags x12 orange 15lbs,sandbags,15lbs,Grip,Missing,BMC,1,,,
LA,sandbags x12 orange 15lbs,sandbags,15lbs,Grip,Missing,BMC,1,,,
LA,sandbags x12 orange 15lbs,sandbags,15lbs,Grip,Missing,BMC,1,,,
LA,sandbags x12 orange 15lbs,sandbags,15lbs,Grip,Missing,BMC,1,N/A,,
LA,sandbags x12 orange 15lbs,sandbags,15lbs,Grip,Missing,BMC,1,,,
LA,sandbags x12 orange 15lbs,sandbags,15lbs,Grip,Missing,BMC,1,,,
LA,sandbags x12 orange 15lbs,sandbags,15lbs,Grip,Missing,BMC,1,XF11192069,,
LA,sandbags x12 orange 15lbs,sandbags,15lbs,Grip,Missing,BMC,1,XF11192067,,
LA,sandbags x12 orange 15lbs,sandbags,15lbs,Grip,Missing,BMC,1,XF11192067,,
LA,sandbags x12 orange 15lbs,sandbags,15lbs,Grip,Missing,BMC,1,XF11192069,,
LA,sandbags x12 orange 15lbs,sandbags,15lbs,Grip,Missing,BMC,1,,,
LA,sandbags x12 orange 15lbs,sandbags,15lbs,Grip,Missing,BMC,1,,,
LA,Ultimate Support  MC125 - Mic Stand,Ultimate Support,MC125 - Mic Stand,Grip,Missing,BMC,1,(T) 0220109761  |  (R) 0220212052,,
LA,Ultimate Support  MC125 - Mic Stand,Ultimate Support,MC125 - Mic Stand,Grip,Missing,BMC,1,,,
LA,Green Screen,,,Grip,Missing,BMC,1,,,
LA,"10"" Cardalini",,"10"" Cardalini",Grip Clamps,Good,BMC,1,,,
LA,"10"" Cardalini",,"10"" Cardalini",Grip Clamps,Good,BMC,1,,,
LA,"10"" Cardalini",,"10"" Cardalini",Grip Clamps,Missing,BMC,1,252319402058,,
LA,"10"" Cardalini",,"10"" Cardalini",Grip Clamps,Missing,BMC,1,252319401065,,
LA,"2"" Pipe Clamp w/ 3"" Pin",,"2"" Pipe Clamp w/ 3"" Pin",Grip Clamps,Missing,BMC,1,252319403333,,
LA,"2"" Pipe Clamp w/ 3"" Pin",,"2"" Pipe Clamp w/ 3"" Pin",Grip Clamps,Missing,BMC,1,252319402103,,
LA,"3"" Baby Pin Plate",,"3"" Baby Pin Plate",Grip Clamps,Good,BMC,1,252319401540,,
LA,"3"" Baby Pin Plate",,"3"" Baby Pin Plate",Grip Clamps,Good,BMC,1,2450E8CF58B7,,
LA,"3"" Baby Pin Plate",,"3"" Baby Pin Plate",Grip Clamps,Good,BMC,1,2511EA97098C,,
LA,"3"" Baby Pin Plate",,"3"" Baby Pin Plate",Grip Clamps,Good,BMC,1,2450E8CF58F9,,
LA,"6"" Cardalini",,"6"" Cardalini",Grip Clamps,Good,BMC,1,SN2511EA97099F,,
LA,"6"" Cardalini",,"6"" Cardalini",Grip Clamps,Good,BMC,1,,,
LA,"6"" Cardalini",,"6"" Cardalini",Grip Clamps,Good,BMC,1,HJ4GYXJJP4,,
LA,"6"" Cardalini",,"6"" Cardalini",Grip Clamps,Missing,BMC,1,6FA09S38698,,
LA,C Clamp,,C Clamp,Grip Clamps,Good,BMC,1,,,
LA,C Clamp,,C Clamp,Grip Clamps,Good,BMC,1,,,
LA,Platapuss,,Platapuss,Grip Clamps,Good,BMC,1,,,
LA,Platapuss,,Platapuss,Grip Clamps,Good,BMC,1,MY1602,,
LA,6x6 Noisy Half Grid,Digital Juice,6x6 Noisy Half Grid,Grip Flags,Needs Repair,BMC,1,,MOLDY NEEDS WASH,
LA,Digital Juice 2X3 Full Silk,Digital Juice,3x2 Full Diffusion,Grip Flags,Good,BMC,1,,,
LA,Digital Juice 2X3 Half Silk,Digital Juice,2x3 Half Diffusion,Grip Flags,Good,BMC,1,,,
LA,Digital Juice 2X3 Scrim (Double),Digital Juice,3x2 Scrim (Double),Grip Flags,Good,BMC,1,,,
LA,Digital Juice 2X3 Scrim (Single),Digital Juice,3x2 Scrim (Single),Grip Flags,Good,BMC,1,,,
LA,Digital Juice 2X3 Solid,Digital Juice,3x2 Solids,Grip Flags,Good,BMC,1,,,
LA,Digital Juice 2X3 Solids,Digital Juice,3x2 Solids,Grip Flags,Good,BMC,1,,,
LA,Matthews 18x24 (inch) Solid,Digital Juice,18x24 (inch) Solid,Grip Flags,Good,BMC,1,,,
LA,Matthews 18x24 (inch) Solid,Digital Juice,24x18 (inch) Solid,Grip Flags,Good,BMC,1,,,
LA,Matthews 2x3 Solid,Digital Juice,3x2 Solids,Grip Flags,Good,BMC,1,,,
LA,Matthews Cucaloris,Matthews,Cucaloris,Grip Flags,Missing,BMC,1,#1,,
LA,[LM] Audio-Technica BPHS1 Broadcast Headset 001,Audio-Technica,BPHS1,Headphones,Missing,Liquid Media,1,6gs00c76758,,
LA,[LM] Audio-Technica BPHS1 Broadcast Headset 002,Audio-Technica,BPHS1,Headphones,Missing,Liquid Media,1,6gs01t37940,,
LA,Canon 24-105mm 1:4 L IS USM [1],Canon,24-105mm 1:4 L IS USM,Lenses,Good,BMC,1,6087221,,
LA,Canon 24-105mm 1:4 L IS USM [2],Canon,24-105mm 1:4 L IS USM,Lenses,Good,BMC,1,6746546,,
LA,Canon 24-70 2.8,Canon,24-70 2.8,Lenses,Missing,BMC,1,7385005750,,
LA,Canon 24-70mm f/2.8L [1],Canon,24-70mm f/2.8L,Lenses,Missing,BMC,1,6746546,,
LA,Canon 24-70mm f/2.8L [2],Canon,Canon 24-70mm f/2.8L 002,Lenses,Missing,BMC,1,7385005750,,
LA,Canon Zoom EF 70-200mm 1:2.8 L IS II USM [1],Canon,Zoom EF 70-200mm 1:2.8 L IS II USM,Lenses,Good,BMC,1,3280001120,,No Auto Foxus
LA,Canon Zoom EF 70-200mm 1:2.8 L IS II USM [2],Canon,Zoom EF 70-200mm 1:2.8 L IS II USM,Lenses,Missing,BMC,1,2750006219,,
LA,Fujian 35mm f/1.7,Fujian,35mm f/1.7,Lenses,Missing,BMC,1,13ZHGCE21100NT,,
LA,Fujinon TV Lens GDS-35 f=35mm 1:1.7,Fujinon,TV Lens GDS-35 f=35mm 1:1.7,Lenses,Missing,BMC,1,Camera: 0M63K1P | Controller: 1DUCH79,,
LA,Moment Macro 10x T-Series Mobile Lens,Moment,Macro 10x T-Series,Lenses,Missing,BMC,1,,,
LA,Moment Wide 18mm T-Series Mobile Lens,Moment,Wide 18mm T-Series,Lenses,Missing,BMC,1,,,
LA,Sigma 16mm Prime 1.4,Sigma,16mm Prime 1.4,Lenses,Good,BMC,1,54892776,,
LA,Sigma 24-70mm 2.8,Sigma,24-70mm 2.8,Lenses,Good,BMC,1,56159199,,
LA,Sigma 24-70mm 2.8 [1],Sigma,24-70mm 2.8,Lenses,Good,BMC,1,54859299,,
LA,Sigma 35mm Prime 1:1.4,Sigma,35mm Prime 1:1.4,Lenses,Missing,BMC,1,52496093,,
LA,Sigma 50mm Prime 1.4,Sigma,50mm Prime 1.4,Lenses,Good,BMC,1,50959023,,
LA,Sigma 85mm Prime 1.4,Sigma,85mm Prime 1.4,Lenses,Missing,BMC,1,52516581,,
LA,SLR Magic 35mm f/1.2,SLR Magic,35mm f/1.2,Lenses,Good,BMC,1,,,
LA,"SLR MAgic 52mm 1:1, 2/35 CINE",SLR MAgic,"52mm 1:1, 2/35 CINE",Lenses,Good,BMC,1,,,
LA,Sony 28mm E-mount F:2,Sony,28mm E-mount F:2,Lenses,Good,BMC,1,201425,,
LA,Sony 90mm Prime Macro  2.8,Sony,90mm Prime Macro  2.8,Lenses,Good,BMC,1,1815825,,
LA,Sony E-mount FE 2.8/24-70 GM [1],Sony,FE 2.8/24-70mm GM,Lenses,Usable,BMC,1,1960440,FS7/Fx6,"Minor Cosmetic "
LA,Sony E-mount FE 2.8/24-70 GM [2],Sony,E-mount FE 2.8/24-70 GM,Lenses,Good,BMC,1,1849488,,
LA,Sony FE 1.4/85mm GM,Sony,FE 1.4/85mm GM,Lenses,Good,BMC,1,1879541,,
LA,Sony FE 1.8/14mm GM,Sony,FE 1.8/14mm GM,Lenses,Good,BMC,1,1821632,,
LA,Sony FE 2.8/70-200mm GM OSS [1],Sony,FE 2.8/70-200mm GM OSS,Lenses,Good,BMC,1,1931406,,
LA,Sony FE 70-200mm F2.8 GM OSS [2],Sony,FE 70-200mm F2.8 GM OSS,Lenses,Good,BMC,1,1900808,,
LA,TAMRON SP 15-30mm F/2.8,TAMRON,SP 15-30mm F/2.8,Lenses,Good,BMC,1,8249,,
LA,XEEN T1.5/50mm Cinema Lens,XEEN,T1.5/50mm Cinema Lens,Lenses,Good,BMC,1,XE215H0216,,
LA,[LM] Aputure 300x (LM-AP-01),Aputure,300x,Lighting,Good,Liquid Media,1,6FA09S38698,,
LA,[LM] Aputure 300x (LM-AP-02),Aputure,300x,Lighting,Good,Liquid Media,1,6FA09E38716,,
LA,[LM] Aputure INFINIBAR 8-Light Kit (LM-AP-03),Aputure,INFINIBAR PB12,Lighting,Good,Liquid Media,1,6TV00020334,,
LA,[LM] Aputure MT Pro-1 Tube Light Kit 001,Aputure,MT Pro-1 Tube Light Kit,Lighting,Missing,Liquid Media,1,,,
LA,[LM] Aputure MT Pro-1 Tube Light Kit 002,Aputure,MT Pro-1 Tube Light Kit,Lighting,Missing,Liquid Media,1,,,
LA,[LM] SmallRig P200 Bi-Color LED Light Panel (Universal) 001,SmallRig,P200 Bi-Color LED Light Panel (Universal),Lighting,Missing,Liquid Media,1,,,
LA,[LM] SmallRig P200 Bi-Color LED Light Panel (Universal) 002,SmallRig,P200 Bi-Color LED Light Panel (Universal),Lighting,Missing,Liquid Media,1,,,
LA,Apature P300C NOVA #1,Apature,P300C NOVA,Lighting,Good,BMC,1,Light: 6et05v32798 | Ballast: 6et05h34316,,
LA,Apature P300C NOVA #2,Apature,P300C NOVA #2,Lighting,Good,BMC,1,Light: 6et05V32798 | Ballast: 6et05u32482,,
LA,Apature P300c  NOVA #3,Aputure,P300c,Lighting,Good,BMC,1,Light: 6et05g32224 | Ballast: 6et05x32760,,
LA,Apature P300c NOVA #4,Aputure,P300c,Lighting,Good,BMC,1,Light: 6et05u32482 | Ballast: 6et05v32798,,
LA,Apature P300c NOVA #5,Aputure,P300c,Lighting,Good,BMC,1,Light: 6et05x32760 | Ballast: 6et05g32224,,
LA,APUTURE 300X #1,Aputure,300X,Lighting,Good,BMC,1,Ballast: 6fa02n28460 | Light:6fa02n28460,,
LA,APUTURE 300X #2,Aputure,300X,Lighting,Good,BMC,1,Ballast: 6fa02m28498 | Light: 6fa02m28498,,
LA,APUTURE 600X PRO LIGHT STORM #1,Aputure,600X PRO LIGHT STORM,Lighting,Good,BMC,1,Ballast: 6hx00g10096 | Light:6hx00h11852,,
LA,APUTURE 600X PRO LIGHT STORM #2,Aputure,600X PRO LIGHT STORM,Lighting,Good,BMC,1,Ballast: 6hx00h11852 | Light: 6hx00m11900,,
LA,APUTURE 60X Lightstorm #1,Aputure,60X Lightstorn,Lighting,Good,BMC,1,6gs00c76758,,
LA,APUTURE 60X Lightstorm #2,Aputure,60X Lightstorn,Lighting,Good,BMC,1,NO SERIAL,,
LA,APUTURE ACCENT B7 8 LIGHT KIT,Aputure,ACCENT B7 8 LIGHT KIT,Lighting,Usable,BMC,1,6hq01v09508,,"missing one bulb, internal batteiries not working "
LA,APUTURE AL-MX #1,Aputure,AL-MX,Lighting,Missing,BMC,1,6bq03h25257,,
LA,APUTURE AL-MX #2,Aputure,AL-MX,Lighting,Missing,BMC,1,6bq03u25262,,
LA,APUTURE DOME #1,Aputure,DOME,Lighting,Needs Repair,BMC,1,N/A,MAGIC CLOTH FULL DIFF - 1/4 DIFF - GRID,
LA,APUTURE DOME #2,Aputure,DOME,Lighting,Needs Repair,BMC,1,N/A,MAGIC FULL DIFF CLOTH - 1/4 DIFF CLOTH- GRID,
LA,APUTURE F10 #1,Aputure,F10 BARNDOOR,Lighting,Good,BMC,1,6hu00yy13900,,
LA,APUTURE F10 #2,Aputure,F10 BARNDOOR,Lighting,Good,BMC,1,6Hu02m35581,,
LA,APUTURE FRESNEL LENS #1,Aputure,FRESNEL LENS,Lighting,Good,BMC,1,N/A,,barn doors
LA,APUTURE FRESNEL LENS #2,Aputure,FRESNEL LENS,Lighting,Good,BMC,1,N/A,,"barn doors "
LA,APUTURE LANTERN,Aputure,LANTERN,Lighting,Good,BMC,1,N/A,,
LA,APUTURE LENS 19° #1,Aputure,LENS 19°,Lighting,Good,BMC,1,6EC00F29491,,
LA,APUTURE LENS 19° #2,Aputure,LENS 19°,Lighting,Good,BMC,1,6EC00V29508,,
LA,APUTURE LENS 26°,Aputure,LENS 26°,Lighting,Good,BMC,1,N/A,,
LA,APUTURE LENS 36°,Aputure,LENS 36°,Lighting,Good,BMC,1,6EC00C18329,,
LA,APUTURE Spotlight Attatchements  36° #2,Aputure,Spotlight Attatchemtns,Lighting,Good,BMC,1,6ec00v18353,,
LA,APUTURE Spotlight Attatchements 36° #1,Aputure,Spotlight Attatchemtns,Lighting,Good,BMC,1,6dy02r50012,,
LA,Light Box 30120 001,Aputure,,Lighting,Missing,BMC,1,Light: 6et05V32798 | Ballast: 6et05u32482,,
LA,Light Box 30120 002,Aputure,,Lighting,Missing,BMC,1,Light: 6et05u32482 | Ballast: 6et05v32798,,
LA,Mini Lantern,Aputure,,Lighting,Missing,BMC,1,Light: 6et05x32760 | Ballast: 6et05g32224,,
LA,Space Light,Aputure,,Lighting,Missing,BMC,1,,,
LA,ASTERA CONTROL BOX,Astera,CONTROL BOX,Lighting,Good,BMC,1,025-0911853,,
LA,ASTERA RGB LED Tube Light  #1,Astera,Titan Tube RGB LED Tube Light,Lighting,Good,BMC,1,038-0523784,,
LA,ASTERA RGB LED Tube Light #2,Astera,RGB LED Tube Light,Lighting,Good,BMC,1,038-0523711,,
LA,ASTERA RGB LED Tube Light #3,Astera,RGB LED Tube Light,Lighting,Good,BMC,1,N/A,,
LA,ASTERA RGB LED Tube Light #4,Astera,RGB LED Tube Light,Lighting,Good,BMC,1,038-0523828,,
LA,ASTERA TITAN CHARGING CASE,Astera,TITAN CHARGING CASE,Lighting,Good,BMC,1,526-0300600,,
LA,Dracast 1x1 BI Color 1000 Pro #1,Dracast,1x1 BI Color 1000 Pro,Lighting,Missing,BMC,1,14082A01100034014101014,,"Given away/thrown out "
LA,Dracast 1x1 BI Color 1000 Pro #2,Drawcast,1x1 BI Color 1000 Pro,Lighting,Missing,BMC,1,14086A01100034014112039,,
LA,Kino Flo Freestyle 31 #1,Kino Flo,Freestyle 31,Lighting,Good,BMC,1,Ballast: L-3639 | Light: 3041,,
LA,Kino Flo Freestyle 31 #2,Kino Flo,Freestyle 31,Lighting,Good,BMC,1,Ballast: L-3645 | Light: 3038,,
LA,PopSpot Ultra 100 BiColor #1,PopSpot,Ultra 100 Bi-Color LED,Lighting,Missing,BMC,1,805000621,,given away
LA,PopSpot Ultra 100 BiColor #2,PopSpot,Ultra 100 Bi-Color LED,Lighting,Missing,BMC,1,N/A,,"given away "
LA,Source 4 750 26°,Source 4,750 26 angle,Lighting,Good,BMC,1,N/A,,
LA,Source 4 750 36°,Source 4,750 26 angle,Lighting,Good,BMC,1,7060A2004-K,,
LA,Mini Diva LED VLOCK #1,,Mini Diva LED VLOCK,Lighting,Missing,BMC,1,66k10hf1f19947,,
LA,Mini Diva LED VLOCK #2,,Mini Diva LED VLOCK,Lighting,Missing,BMC,1,66K10HF1F32947,,
LA,Godox QT1200IIM Flash Head,Godox,QT1200IIM Flash Head,Lighting - Photo,Good,BMC,1,0P2AH8553403RF,,
LA,Godox QT600IIM Flash Head #1,Godox,QT600IIM Flash Head,Lighting - Photo,Good,BMC,1,,,
LA,Godox QT600IIM Flash Head #2,Godox,QT600IIM Flash Head,Lighting - Photo,Good,BMC,1,,,
LA,Godox QT600IIM Flash Head #3,Godox,QT600IIM Flash Head,Lighting - Photo,Good,BMC,1,,,
LA,[LM] Universal Travel Pwr Adapter 004,EPICKA,TA-105,LM Misc Equipment,Missing,Liquid Media,1,,,
LA,[LM] G-Raid 4TB Drive - MetalGearRex,G-Raid,4TB Drive,LM Misc Equipment/Data,Missing,Liquid Media,1,4ZG7RYV,,
LA,[LM] G-Raid 8TB Drive - Motherbox,G-Raid,8TB Drive,LM Misc Equipment/Data,Missing,Liquid Media,1,B458E00353,Mavic,
LA,[LM] WD Passport - GrayFox,WD,Black Passport Drive,LM Misc Equipment/Data,Missing,Liquid Media,1,WX12A54YXRS,,
LA,[LM] 7-in-1 USB-C Hub,Ugreen,Revodok,LM Misc Equipment/Docks & Hubs,Missing,Liquid Media,1,,,
LA,[LM] SanDisk Extreme Pro 128GB 001,SanDisk,Extreme Pro,LM Misc Equipment/Memory Cards,Missing,Liquid Media,1,CQ0005628,,
LA,[LM] SanDisk Extreme Pro 128GB 002,SanDisk,Extreme Pro,LM Misc Equipment/Memory Cards,Missing,Liquid Media,1,,,
LA,[LM] SanDisk Extreme Pro 128GB 003,SanDisk,Extreme Pro,LM Misc Equipment/Memory Cards,Missing,Liquid Media,1,2312,,
LA,[LM] SanDisk Extreme Pro 128GB 004,SanDisk,Extreme Pro,LM Misc Equipment/Memory Cards,Missing,Liquid Media,1,2938,,
LA,[LM] SanDisk Extreme Pro 128GB 005,SanDisk,Extreme Pro,LM Misc Equipment/Memory Cards,Missing,Liquid Media,1,,,
LA,[LM] SanDisk Extreme Pro 128GB 006,SanDisk,Extreme Pro,LM Misc Equipment/Memory Cards,Missing,Liquid Media,1,,,
LA,[LM] SanDisk Extreme Pro 128GB 007,SanDisk,Extreme Pro,LM Misc Equipment/Memory Cards,Missing,Liquid Media,1,CR0120598,,
LA,[LM] SanDisk Extreme Pro 128GB 008,SanDisk,Extreme Pro,LM Misc Equipment/Memory Cards,Missing,Liquid Media,1,CR0028289,,
LA,[LM] SanDisk Extreme Pro 128GB 009,SanDisk,Extreme Pro,LM Misc Equipment/Memory Cards,Missing,Liquid Media,1,DU0103733,,
LA,[LM] SanDisk Extreme Pro 128GB 010,SanDisk,Extreme Pro,LM Misc Equipment/Memory Cards,Missing,Liquid Media,1,DU0103721,,
LA,[LM] SanDisk Extreme Pro 128GB 011,SanDisk,Extreme Pro,LM Misc Equipment/Memory Cards,Missing,Liquid Media,1,DU0017621,,
LA,[LM] SanDisk Extreme Pro 128GB 012,SanDisk,Extreme Pro,LM Misc Equipment/Memory Cards,Missing,Liquid Media,1,DC0001998,,
LA,[LM] SanDisk Extreme Pro 128GB 013,SanDisk,Extreme Pro,LM Misc Equipment/Memory Cards,Missing,Liquid Media,1,,,
LA,[LM] SanDisk Extreme Pro 128GB 014,SanDisk,Extreme Pro,LM Misc Equipment/Memory Cards,Missing,Liquid Media,1,0EMDF7G00D00EY,,
LA,[LM] SanDisk Extreme Pro 128GB 015,SanDisk,Extreme Pro,LM Misc Equipment/Memory Cards,Missing,Liquid Media,1,,,
LA,[LM] SanDisk Extreme Pro 128GB 016,SanDisk,Extreme Pro,LM Misc Equipment/Memory Cards,Missing,Liquid Media,1,,,
LA,[LM] 1TB SSD - LqdSnake,Crucial,1TB SSD,LM Misc Equipment/Portable SSDs,Missing,Liquid Media,1,N/A,,
LA,[LM] 1TB SSD - VCT,Crucial,1TB SSD,LM Misc Equipment/Portable SSDs,Missing,Liquid Media,1,N/A,,
LA,[LM] 4TB SSD - BigBoss,Crucial,MTXUG,LM Misc Equipment/Portable SSDs,Missing,Liquid Media,1,2450E8CF58B7,,
LA,[LM] 4TB SSD - Ocelot,Crucial,MTXUG,LM Misc Equipment/Portable SSDs,Missing,Liquid Media,1,2511EA97098C,,
LA,[LM] 4TB SSD - Raiden,Crucial,MTXUG,LM Misc Equipment/Portable SSDs,Missing,Liquid Media,1,2450E8CF58F9,,
LA,[LM] 4TB SSD - SolidSnake,Crucial,MTXUG,LM Misc Equipment/Portable SSDs,Missing,Liquid Media,1,SN2511EA97099F,,
LA,[LM] HP 1TB SSD - HBSC41531100327,HP,1TB SSD,LM Misc Equipment/Portable SSDs,Missing,Liquid Media,1,HBSC41531100327,,
LA,[LM] 2TB SSD - CAMMY,SanDisk,SDSSDE61-2T00,LM Misc Equipment/Portable SSDs,Missing,Liquid Media,1,252319402058,,
LA,[LM] 2TB SSD - ChunLi,SanDisk,SDSSDE61-2T00,LM Misc Equipment/Portable SSDs,Missing,Liquid Media,1,252319401065,,
LA,[LM] 2TB SSD - Ken,SanDisk,SDSSDE61-2T00,LM Misc Equipment/Portable SSDs,Missing,Liquid Media,1,252319403333,,
LA,[LM] 2TB SSD - Ryu,SanDisk,SDSSDE61-2T00,LM Misc Equipment/Portable SSDs,Missing,Liquid Media,1,252319402103,,
LA,[LM] 2TB SSD - ZANGIEF,SanDisk,SDSSDE61-2T00,LM Misc Equipment/Portable SSDs,Missing,Liquid Media,1,252319401540,,
LA,[LM] Universal Travel Pwr Adapter 001,EPICKA,TA-105,LM Misc Equipment/Power,Missing,Liquid Media,1,,,
LA,[LM] Universal Travel Pwr Adapter 002,EPICKA,TA-105,LM Misc Equipment/Power,Missing,Liquid Media,1,,,
LA,[LM] Universal Travel Pwr Adapter 003,EPICKA,TA-105,LM Misc Equipment/Power,Missing,Liquid Media,1,,,
LA,[LM] Universal Travel Pwr Adapter 005,EPICKA,TA-105,LM Misc Equipment/Power,Missing,Liquid Media,1,,,
LA,AirTag 001 - Bulbasaur,Apple,AirTag,LM Misc Equipment/Tracking,Missing,BMC,1,,,
LA,AirTag 002 - Ivysaur,Apple,AirTag,LM Misc Equipment/Tracking,Missing,BMC,1,,,
LA,AirTag 003 - Venusaur,Apple,AirTag,LM Misc Equipment/Tracking,Missing,BMC,1,,,
LA,AirTag 004 - Charmander,Apple,AirTag,LM Misc Equipment/Tracking,Missing,BMC,1,,,
LA,AirTag 005 - Charmeleon,Apple,AirTag,LM Misc Equipment/Tracking,Missing,BMC,1,,,
LA,AirTag 006 - Charizard,Apple,AirTag,LM Misc Equipment/Tracking,Missing,BMC,1,,,
LA,AirTag 007 - Squirtle,Apple,AirTag,LM Misc Equipment/Tracking,Missing,BMC,1,,,
LA,AirTag 008 - Wartortle,Apple,AirTag,LM Misc Equipment/Tracking,Missing,BMC,1,,,
LA,AirTag 009 - Blastoise,Apple,AirTag,LM Misc Equipment/Tracking,Missing,BMC,1,,,
LA,AirTag 010 - Caterpie,Apple,AirTag,LM Misc Equipment/Tracking,Missing,BMC,1,,,
LA,AirTag 011 - Metapod,Apple,AirTag,LM Misc Equipment/Tracking,Missing,BMC,1,,,
LA,AirTag 012 - Butterfree,Apple,AirTag,LM Misc Equipment/Tracking,Missing,BMC,1,,,
LA,[LM] RODE Interview GO,RODE,Interview GO,Microphones,Missing,Liquid Media,1,,RX100,
LA,Alienware AW2524HF Monitor [2],Alienware,AW2524HF,Monitors,Missing,BMC,1,CN-0RNR3K-QDC00-36G-07VL,,
LA,Atomos NINJA,Atomos,"NINJA 5""",Monitors,Good,BMC,1,K2A9NJ0150H53,,
LA,"Sumo 19"" SE HDR Monitor, Recorder, and Switcher",Atomos,Sumo,Monitors,Good,BMC,1,K149S9SE51C14,,
LA,"Lilliput 23.8"" 12G-SDI/HDMI Broadcast Studio Monitor (V-Mount)",Lilliput,"23.8"" 12G-SDI/HDMI Broadcast Studio Monitor (V-Mount)",Monitors,Missing,BMC,1,Q23A513410073,a few SDI ports are fried on it,
LA,Small HD 702 Touch [1],Small HD,702 Touch,Monitors,Good,BMC,1,72ES201280018,,
LA,Small HD 702 Touch [2],Small HD,702 Touch,Monitors,Needs Repair,BMC,1,72ES201210007,bottom screw stuck - needs fixing,
LA,Small HD Mini [1],Small HD,Small HD Mini,Monitors,Good,BMC,1,,,
LA,Small HD Mini [2],Small HD,Small HD Mini,Monitors,Good,BMC,1,,,
LA,[LM] SmallRig PT-30 Reverse-Folding Live Streaming Stand Kit 001,SmallRig,PT-30 Reverse-Folding Live Streaming Stand Kit,Recording Equipment,Missing,Liquid Media,1,54892776,,
LA,[LM] SmallRig PT-30 Reverse-Folding Live Streaming Stand Kit 002,SmallRig,PT-30 Reverse-Folding Live Streaming Stand Kit,Recording Equipment,Missing,Liquid Media,1,56159199,,
LA,ALIENWARE VMIX PC,Alienware,VMIX PC,Studio,Missing,BMC,1,N/A,,
LA,AV ACCESS HDMI EXTENDER,AV Access,HDMI EXTENDER,Studio,Missing,BMC,1,A21J0159,,
LA,BLACK MAGIC ULTRA STUDIO RECORDER 3G,Blackmagic,ULTRA STUDIO RECORDER 3G,Studio,Missing,BMC,1,9596986,,
LA,BLACK MAGIC ULTRA STUDIO RECORDER 3G,Blackmagic,ULTRA STUDIO RECORDER 3G,Studio,Missing,BMC,1,9596985,,
LA,Decimator Design MD-LX #1,Decimator Design,MD-LX,Studio,Missing,BMC,1,LXBMGCF2,,
LA,Decimator Design MD-LX #2,Decimator Design,MD-LX,Studio,Missing,BMC,1,LXBMGACK,,
LA,Decimator Design MD-LX #3,Decimator Design,MD-LX,Studio,Missing,BMC,1,LXAEG0N8,,
LA,Decimator Design MD-LX #4,Decimator Design,MD-LX,Studio,Missing,BMC,1,LXBMGCFZ,,
LA,DECKLINK MINI RECORDER,Decklink,MINI RECORDER,Studio,Missing,BMC,1,7673227,,
LA,ELGATO HD60,ELGATO,HD60,Studio,Missing,BMC,1,JX11L1A02903,,
LA,GENERIC HDMI TO SDI AUDIO,GENERIC,HDMI TO SDI AUDIO,Studio,Missing,BMC,1,0P2AH7453402DQ,Mavic,
LA,MACKIE HM-4,MACKIE,HM-4,Studio,Missing,BMC,1,204953000EBMP0593,GoPro,
LA,MAGWELL NDI TO HDMI,MAGWELL,NDI TO HDMI,Studio,Missing,BMC,1,B410220105342,,
LA,NEEWER X12 TELEPROMTER,NEEWER,X12,Studio,Missing,BMC,1,,,
LA,REI HDMI SPLITTER 1X2,REI,HDMI SPLITTER 1X2,Studio,Missing,BMC,1,,RX100,
LA,REI HDMI SPLITTER 1X2,REI,HDMI SPLITTER 1X2,Studio,Missing,BMC,1,,RX100,
LA,[LM] Benro Tripod,Benro,TSL08A,Tripods,Missing,Liquid Media,1,,,
LA,[LM] DJI OSMO Mobile 7P Smartphone Gimbal,DJI,OSMO Mobile 7P Smartphone Gimbal,Tripods,Missing,Liquid Media,1,95DVM251032023D3,,
LA,[LM] DJI OSMO Mobile 7P Smartphone Gimbal,DJI,OSMO Mobile 7P Smartphone Gimbal,Tripods,Missing,Liquid Media,1,95DVM25102201X4M,,
LA,[LM] Oben CQL-13 Compact Carbon Fiber Travel Tripod w/ Ball Head,Oben,CQL-13 Compact Carbon Fiber Travel Tripod w/ Ball Head,Tripods,Missing,Liquid Media,1,,,
LA,[LM] SmallRig ST30 One-Touch Deploy Selfie Stick Tripod (White) 001,SmallRig,ST30 One-Touch Deploy Selfie Stick Tripod (White),Tripods,Missing,Liquid Media,1,54859299,,
LA,[LM] SmallRig ST30 One-Touch Deploy Selfie Stick Tripod (White) 002,SmallRig,ST30 One-Touch Deploy Selfie Stick Tripod (White),Tripods,Missing,Liquid Media,1,52496093,,
LA,"Sony BP-U35 Battery ",Sony,BP-U35 Battery,Batteries,Good,BMC,1,20220821,,
LA,"Verical Camera Bracket ",wooden camera,"vertical bracket ",Camera Accessories,Good,BMC,1,,,
LA,boom mic,RODE,ntg-2,Audio/Audio Mics,Good,BMC,1,bm0333092,,
LA,Sennheiser e835,Sennheiser,e835,Audio/Audio Mics,Good,BMC,1,2099A-SKM1G9WE,,
LA,Sennheiser EKP-AVX,Sennheiser,EKP-AVX,Audio/Audio Lavs,Good,BMC,1,1193219118,,
LA,Sennheiser EKP-AVX,Sennheiser,EKP-AVX,Audio/Audio Lavs,Good,BMC,1,5054228054,,
LA,Sennheiser EKP-AVX,Sennheiser,EKP-AVX,,Good,BMC,1,10732117136,,
LA,Sennheiser EKP-AVX,Sennheiser,EKP-AVX,Audio/Audio Lavs,Good,BMC,1,5054227849,,
LA,Sennheiser EK 100 G4 Receiver,Sennheiser,EK 100 G4,Audio/Audio Lavs,Good,BMC,1,5373101245,,
LA,Sennheiser EKP-AVX,Sennheiser,EKP AVX,Audio/Audio Lavs,Good,BMC,1,1073217136,,
LA,Sennheiser SK 100 G4 Transmitter,Sennheiser,SK 100 G4,Audio/Audio Lavs,Good,BMC,1,4069009686,,
LA,Sennheiser SK 100 G4 Transmitter,Sennheiser,"SK 100 G4 ",Audio/Audio Lavs,Good,BMC,1,4199041254,,
LA,Alienware AW2524HF Monitor [1],Alienware,AW2524HF,Monitors,Good,BMC,1,CN-0RNR3K-QDC00-36G-080L,,Evan is probably taking
LA,Alienware AW2725QF Monitor,Alienware,AW2725QF,Monitors,Good,BMC,1,CN-0NDCCJ-WSL00-471-ERTL,,
LA,Alienware AW2524H Monitor,Alienware,AW2524H,Monitors,Good,BMC,1,CN-0T0MDG-QDC00-2CM-06KL,,Ben is probably taking
LA,Countryman,Countryman,B3 3.5mm Connector,Microphones,Good,BMC,1,52502107,,
LA,Countryman,Countryman,B3 3.5mm Connector,Microphones,Missing,BMC,1,52523406,,
LA,Countryman,Countryman,B3 3.5mm Connector,Microphones,Good,BMC,1,52528903,,
LA,Tentacle Track E,Tentacle Sync,Track E,Audio/Audio Recorders,Good,BMC,1,240403221243,,
LA,Alienware 2525HM Monitor,Alienware,AW2525HM,Monitors,Good,BMC,1,CN-01XNK1-WSL00-54H-223U,,
LA,Alienware AW2725Q Monitor [1],Alienware,AW2725Q,Monitors,Good,BMC,1,CN-0NY3HT-QDC00-51G-067S,,
LA,Alienware AW2725Q Monitor [2],Alienware,AW2725Q,Monitors,Good,BMC,1,CN-0NY3HT-QDC00-52F-0JIS,,
LA,Alienware AW3225QF Monitor,Alienware,AW3225QF,Monitors,Good,BMC,1,CN-0V3C69-QDC00-3C4-05BS,,
LA,Rode Wireless go II Mic 1,Rode,Wireless go II,,Good,BMC,1,HG0100418,,
LA,Rode Wireless go II Mic 2,Rode,Wireless go II,,Good,BMC,1,HI0100418,,
LA,Rode Wireless go II,Rode,Wireless go II,Audio/Audio Mics,Good,BMC,1,HF0100418,,
LA,AKG K240 STUDIO,AKG,K240 STUDIO,Headphones,Good,BMC,1,,,
LA,"ShuttleXpress Prompter Wheel ",Contour,ShuttleXpress,Studio,Good,BMC,1,229697,,
LA,360 Cam,Insta360,X4,Cameras,Good,BMC,1,IBMEA2408R45VC,,
LA,"Battery ",GoPro,SPBL1B-C,Batteries,Good,BMC,1,,,
LA,"Battery ",Insta360,Insta360 battery,Batteries,Good,BMC,1,bt4at24076a8pxk86sry3,,
LA,Alienware m16 R2 Laptop,Alienware,m16 R2,Product,Good,BMC,1,C0FLS0F,,Inside the Giant Laptop with Alex Corea
LA,godox Wireless Flash Receiver,Godox,X1T,Lighting - Photo,Good,BMC,1,8110A,,
LA,Alienware 16 Area 51 Laptop,Alienware,AA16250,Product,Good,BMC,1,2S4PVT3,,
LA,Alienware Aurora ACT1250 PC,Alienware,ACT1250,Product,Good,BMC,1,FB6B794,PC Tower / Computer,
LA,"Light ",ZHIYUN,Molus,Lighting,Good,BMC,1,8ff08b0c3120098,,
LA,Alienware Pro Wireless Keyboard [1],Alienware,PRO-KB,Product,Good,BMC,1,CN-0R987V-CH400-39K-007A-X30,White,LM-P3-335
LA,Alienware Pro Wireless Keyboard [2],Alienware,PRO-KB,Product,Good,BMC,1,CN-0R987V-CH400-4BI-003K-A04,White,In plastic wrap
LA,Alienware Pro Wireless Keyboard [3],Alienware,PRO-KB,Product,Good,BMC,1,CN-0R987V-CH400-3CD-00LB-A00,White,BMC PRO-K #14
LA,Alienware Pro Wireless Keyboard [4],Alienware,PRO-KB,Product,Good,BMC,1,CN-0R987V-CH400-3BN-005L-X30,White,BMC PRO-K #04
LA,Alienware Pro Wireless Keyboard [5],Alienware,PRO-KB,Product,Good,BMC,1,CN-0R987V-CH400-39K-0003-X30,Black,LM-P3-087
LA,Alienware Pro Wireless Keyboard [6],Alienware,PRO-KB,Product,Good,BMC,1,CN-0R987V-CH400-3CG-01UJ-A00,Black,BMC PRO-K #09
LA,Alienware Pro Wireless Keyboard [7],Alienware,PRO-KB,Product,Good,BMC,1,CN-0R987V-CH400-39K-000N-X30,Black,LM-P3-133
LA,"Sony BP-U35 Battery ",Sony," BP-U35 Battery ",Batteries,Good,BMC,1,20240905,,
LA,Alienware Pro Wireless Keyboard [8],Alienware,PRO-KB,Product,Usable,BMC,1,CN-0R987V-CH400-39K-007B-X30,White,BMC PRO-K #05 (NO DONGLE)
LA,Alienware Pro Wireless Keyboard [9],Alienware,PRO-KB,Product,Good,BMC,1,CN-0R987V-CH400-39K-007E-X30,White,BMC PRO-K #07
LA,Alienware Pro Wireless Keyboard [10],Alienware,PRO-KB,Product,Good,BMC,1,CN-0R987V-CH400-4AT-00IE-A02,Black,In plastic wrap
LA,Alienware Pro Wireless Keyboard [11],Alienware,PRO-KB,Product,Good,BMC,1,CN-0R987V-CH400-499-007P-A02,White,
LA,Alienware Pro Wireless Mouse [1],Alienware,PRO-MS,Product,Good,BMC,1,CN-0584RN-CH400-39k-011M-X30,Black,BMC PRO-M #07
LA,Alienware Pro Wireless Mouse [2],Alienware,PRO-MS,Product,Good,BMC,1,CN-0584RN-CH400-3CD-18QM-A00,Black,BMC PRO-M #16
LA,Alienware Pro Wireless Mouse [3],Alienware,PRO-MS,Product,Good,BMC,1,CN-0584RN-CH400-3CD-18YM-A00,Black,BMC PRO-M #13
LA,Alienware Pro Wireless Mouse [4],Alienware,PRO-MS,Product,Good,BMC,1,CN-05MRYJ-CH400-39K-078M-X30,White,BMC PRO-M #04
LA,Alienware Pro Wireless Mouse [5],Alienware,PRO-MS,Product,Usable,BMC,1,CN-05MRYJ-CH400-3CD-0ZMM-A00,White,"(NO CASE, NO DONGLE)BMC PRO-M #14"
LA,Alienware Pro Wireless Mouse [6],Alienware,PRO-MS,Product,Usable,BMC,1,CN-05MRYJ-CH400-499-063M-A04,White,"(NO CASE, NO DONGLE) BMC PRO-M #02"
LA,Alienware Pro Wireless Mouse [7],Alienware,PRO-MS,Product,Usable,BMC,1,CN-05MRYJ-CH400-3BN-0CTM-X30,White,(NO DONGLE) BMC PRO-M #05
LA,Alienware Pro Wireless Mouse [8],Alienware,PRO-MS,Product,Good,BMC,1,CN-05MRYJ-CH400-499-0A4M-A04,White,BMC PRO-M #13
LA,Bp-u100,Jupio,proline bp-u100,Batteries,Good,BMC,1,BSO0013,,
LA,"Kastar BP-U60 Battery ",Kastar,bpu-60,Batteries,Good,BMC,1,,,
LA,SmallRig NP-F970,SmallRig,NP-F970,Batteries,Good,BMC,1,,,
LA,Atombat NP-F750,Atomos,NP-F750,Batteries,Good,BMC,1,,,
LA,"Wireless Pro ",Rode,wireless pro transmitter,Audio/Audio Lavs,Good,BMC,1,JI0206972,,
LA,Wireless Pro,Rode,Wireless Pro Mic 1,Audio/Audio Lavs,Good,BMC,1,JK0206972,,
LA,"Wireless Pro ",Rode,Wireless Pro Mic 2,Audio/Audio Lavs,Good,BMC,1,JJ0206972,,
LA,Battery charger Atomos,Atomos,l series charger,Battery Chargers,Good,BMC,1,K499FBC50E56,,
LA,Fx3 Top Handle,Sony,Fx3 Top Handle,Camera Accessories,Good,BMC,3,,,
LA,Pocket 3,DJI,pocket 3,Cameras,Good,BMC,1,5WTZM7K0024V2R,,
LA,Boom Mic,Rode,"NTG ",,Good,BMC,1,FW0038390,,
LA,Shure Movie mic 1,Shure,Movie Mic transmitter,Audio/Audio Lavs,Good,BMC,1,,,
LA,Shure Movie mic 2,Shure,Movie Mic transmitter,Audio/Audio Lavs,Good,BMC,1,,,
LA,512gb MicroSD,SanDisk,512gb MicroSD v30,Camera Accessories/Camera Media,Good,BMC,1,,,
LA,microSD 32GB,Delkin,32gb MicroSD,Camera Accessories/Camera Media,Good,BMC,1,,,
LA,"128gb SD 95mb ",PNY,128gb elitme performance,,Good,BMC,1,,,
LA,SanDisk 128gb #15,SanDisk,128gb v90,Camera Accessories/Camera Media,Good,BMC,1,2448TPDN004147643,,
LA,SanDisk 128gb #16,SanDisk,128gb v90,Camera Accessories/Camera Media,Good,BMC,1,2448TPDN004147643,,
LA,Alienware Pro Headset [1],Alienware,PRO-HS,Product,Good,BMC,1,CN-09K2M1-MYH8Y-496-0057-A00,White,
LA,Alienware Pro Headset [2],Alienware,PRO-HS,Product,Good,BMC,1,CN-0N6YJD-MYH8Y-51D-0392-A02,Black,
LA,Alienware Pro Headset [3],Alienware,PRO-HS,Product,Usable,BMC,1,CN-09K2M1-MYH8Y-44O-0080-X02,White,"(MISSING DONGLE) BMC PRO-H #3 "
LA,Alienware Pro Headset [4],Alienware,PRO-HS,Product,Good,BMC,1,CN-0N6YJD-MYH8Y-51D-03US-A02,Black,
LA,Alienware Pro Headset [5],Alienware,PRO-HS,Product,Missing,BMC,1,CN-09K2M1-MYH8Y-47I-04X2-A00,White,(HEADSET MISSING FROM BOX)
LA,Alienware Pro Headset [6],Alienware,PRO-HS,Product,Missing,BMC,1,CN-09K2M1-MYH8Y-44O-007K-X02,White,(HEADSET MISSING FROM BOX) BMC PRO-H #6
LA,Alienware Pro Headset [7],Alienware,PRO-HS,Product,Missing,BMC,1,CN-09K2M1-MYH8Y-44O-0050-X02,White,(HEADSET MISSING FROM BOX) BMC PRO-H #4
LA,Alienware Pro Headset [8],Alienware,PRO-HS,Product,Missing,BMC,1,CN-09K2M1-MYH8Y-496-004I-A00,White,(HEADSET MISSING FROM BOX)
LA,Alienware Pro Headset [9],Alienware,PRO-HS,Product,Missing,BMC,1,CN-09K2M1-MYH8Y-44O-004T-X02,White,(HEADSET MISSING FROM BOX) BMC PRO-H #7
LA,Alienware 720H Headset [1],Alienware,AW720H,Product,Good,BMC,1,CN-0G85Y7-MYH8Y-39F-00K5-A01,Black,BMC H #03
LA,Alienware 720H Headset [2],Alienware,AW720H,Product,Usable,BMC,1,CN-0G85Y7-MYH8Y-39F-00JI-A01,Black,(NO DONGLE) BMC H #04
LA,Alienware 720H Headset [3],Alienware,AW720H,Product,Usable,BMC,1,CN-0G85Y7-MYH8Y-39F-00AQ-A01,Black,(NO DONGLE) BMC H #01
LA,Alienware 720H Headset [4],Alienware,AW720H,Product,Good,BMC,1,CN-0G85Y7-MYH8Y-39F-000Z-A01,Black,BMC H #02
LA,Alienware 720H Headset [5],Alienware,AW720H,Product,Good,BMC,1,CN-0G85Y7-MYH8Y-3BO-02ZG-A03,Black,BMC H #09
LA,Alienware 720H Headset [6],Alienware,AW720H,Product,Usable,BMC,1,CN-067R5G-MYH8Y-3BO-02UC-A03,White,(NO DONGLE) BMC H #07
LA,Alienware 720H Headset [7],Alienware,AW720H,Product,Good,BMC,1,CN-067R5G-MYH8Y-3BO-02RN-A03,White,BMC H #10
BR,Aputure Amaran COB 200d,Amaran,COB 200d 211190615,Lighting,Missing,BMC,1,,,
BR,Aputure Amaran COB 200d - Daylight LED Monolight,Amaran,COB 200d 211190615,Lighting,Missing,BMC,1,,,
BR,Aputure Amaran Light Dome Mini SE - Softbox,Amaran,Light Dome Mini SE,Equipment,Missing,BMC,1,,,
BR,Aputure Amaran Light Dome Mini SE - Softbox,Amaran,Light Dome Mini SE,Equipment,Missing,BMC,1,,,
BR,Spotilight SE 36º,Amaran,Amaran Spotilight SE,Lighting - Photo,Missing,BMC,1,,,
BR,Amazon Fire HD 10,Amazon,Fire HD 10,Studio,Missing,BMC,1,HH0520120,,
BR,BMC iPhone 14 PRO,Apple,iPhone,Cameras,Missing,BMC,1,N/A,,
BR,APPLE BOX #1,Apple Box,3T,Grip,Missing,BMC,1,,,
BR,Aputure Accent B7C - Lâmpada LED Inteligente RGBWW,Aputure,B7C,Lighting,Missing,BMC,1,,,
BR,"Aputure Amaran F22c - LED RGBWW Flexível (V-Mount, 60 x 60cm)",Aputure,F22c LED RGBWW,Lighting,Missing,BMC,1,,,
BR,Aputure Amaran PT2C #1,Aputure,Aputure Amaran PT2c - Tubo de pixel LED RGBWW,Lighting,Missing,BMC,1,,,
BR,Aputure Amaran PT2C #2,Aputure,Aputure Amaran PT2c - Tubo de pixel LED RGBWW,Lighting,Missing,BMC,1,,,
BR,Aputure Amaran PT2C #3,Aputure,Aputure Amaran PT2c - Tubo de pixel LED RGBWW,Lighting,Missing,BMC,1,,,
BR,Aputure Amaran PT2C #4,Aputure,Aputure Amaran PT2c - Tubo de pixel LED RGBWW,Lighting,Missing,BMC,1,,,
BR,Aputure BARNDOOR,Aputure,BARNDOOR,Lighting,Missing,BMC,1,,,
BR,Aputure FRESNEL 2X,Aputure,FRESNEL 2X,Lighting,Missing,BMC,1,,,
BR,Aputure Lantern 90cm (Balão Chinês) - Softbox,Aputure,26I NCHES,Lighting,Missing,BMC,1,N/A,,
BR,Aputure LIGHT DOME II,Aputure,LIGHT DOME II,Lighting,Missing,BMC,1,,,
BR,Aputure LIGHT DOME II,Aputure,LIGHT DOME II,Lighting,Missing,BMC,1,,Monitor,
BR,Aputure Light Storm LS 300X - LED COB Bicolor (V-Mount),Aputure,LS300X,Lighting,Missing,BMC,1,,Monitor,
BR,Aputure Light Storm LS 300X - LED COB Bicolor (V-Mount),Aputure,LS300X,Lighting,Missing,BMC,1,,Monitor,
BR,"Atomos Ninja V 5"" 4K HDMI",Atomos,"Ninja V 5"" 4K HDMI",Monitors,Missing,BMC,1,,,
BR,AWTF BR Studio #1,AWTF BR,Studio,Studio,Missing,BMC,1,,,
BR,AWTF BR Studio #2,AWTF BR,Studio,Studio,Missing,BMC,1,6bq03h25257,,
BR,CENTURY LS340FS,CENTURY,LS340FS,Grip,Missing,BMC,1,N/A,,
BR,CENTURY LS340FS,CENTURY,LS340FS,Grip,Missing,BMC,1,,,
BR,CENTURY LS340FS,CENTURY,LS340FS,Grip,Missing,BMC,1,,,
BR,CENTURY LS340FS,CENTURY,LS340FS,Grip,Missing,BMC,1,,,
BR,GIRAFFE LIGHT TRIPOD C-STAND - A10110,CENTURY,A10110,Grip,Missing,BMC,1,,,
BR,Dell m15,Dell,m15 9SQLSH3,Studio,Missing,BMC,1,6746546,,
BR,DJI ASR01,DJI,ASR01,Audio/Audio Mics,Missing,BMC,1,,,
BR,DJI ASR01,DJI,ASR01,Audio/Audio Mics,Missing,BMC,1,,,
BR,DJI OT212,DJI,OT212,Camera Support,Missing,BMC,1,,,
BR,DJI OT213,DJI,OT213,Audio/Audio Mics,Missing,BMC,1,,,
BR,BATTERY CHARGER,DURACELL,CEF14BR4,Battery Chargers,Missing,BMC,1,,,
BR,Fujinon MK18-55mm T2.9 Lens (Sony E Mount),Fujinon,MK18-55mm T2.9 Lens (Sony E Mount),Lenses,Missing,BMC,1,97A00056,,
BR,Fujinon MK50-135mm T2.9 Lens (Sony E Mount),Fujinon,MK50-135mm T2.9 Lens (Sony E Mount),Lenses,Missing,BMC,1,97A00033,Maverick Drone,
BR,GoPro Battery [2],GoPro,Go Pro,Batteries,Missing,BMC,1,BY2137P17209010008,GoPro,
BR,Hyper quadcast,Hyper,quadcast,Audio/Audio Mics,Missing,BMC,1,,,
BR,Folding Table (black) #1,Klimber,779169,Studio,Missing,BMC,1,,,
BR,Folding Table (black) #2,Klimber,779169,Studio,Missing,BMC,1,97A00056,,
BR,Folding Table (black) #3,Klimber,779169,Studio,Missing,BMC,1,97A00033,,
BR,Folding Table (black) #4,Klimber,779169,Studio,Missing,BMC,1,,,
BR,Lexar 128GB 440 XQD #2,Lexar,128GB 440 XQD,Camera Accessories/Camera Media,Missing,BMC,1,N/A,,
BR,Lexar SD XC V60II 1667X,Lexar,SD XC V60II 1667X,Camera Accessories,Missing,BMC,1,,,
BR,Manfrotto MK290XTA3-2WUS,Manfrotto,MK290XTA3-2WUS,Tripods,Missing,BMC,1,,,
BR,Manfrotto MK290XTA3-2WUS,Manfrotto,MK290XTA3-2WUS,Tripods,Missing,BMC,1,05071301-1121000329,,
BR,Manfrotto MK290XTA3-2WUS,Manfrotto,MK290XTA3-2WUS,Tripods,Missing,BMC,1,,,
BR,Manfrotto RAF45289,Manfrotto,RAF45289,Tripods,Missing,BMC,1,,,
BR,Miliboo MTT608A,Miliboo,MTT608A + MYT802L,Tripods,Missing,BMC,1,,,
BR,Miliboo MTT608A,Miliboo,MTT608A + MYT802L,Tripods,Missing,BMC,1,,,
BR,Neewer step up/down adapter ring kit,Neewer,step up/down adapter ring kit,Camera Accessories/Lens Mounts,Missing,BMC,1,,,
BR,Neewer step up/down adapter ring kit,Neewer,step up/down adapter ring kit,Camera Accessories/Lens Mounts,Missing,BMC,1,,,
BR,PELICAN AIR PELICAN AIR  1605,PELICAN,PELICAN AIR  1605,Camera Accessories,Missing,BMC,1,,,
BR,Pelican PELICAN 1510 CASE,Pelican Products,PELICAN 1510,Camera Accessories,Missing,BMC,1,,,
BR,PNY EliteX PRO-90 128GB - 300MB/s SD,PNY,EliteX-PRO90 128GB - 300MB/s SD,Camera Accessories/Camera Media,Missing,BMC,1,TPDN003877968,,
BR,POLARPRO 95MM,PolarPro,95mm 1-5 stops,Camera Accessories/Lens Mounts,Missing,BMC,1,A1014047431,,
BR,Rode NTG-2 (Shotgun),Rode,NTG-2 (Shotgun) [1],Audio/Audio Mics,Missing,BMC,1,174698,,
BR,Rode NTG2 Shotgun,Rode,NTG2 Shotgun,Microphones,Missing,BMC,1,8 18373 02127 6,,
BR,Rode SN:CJ0484979,Rode,SN:CJ0484979,Audio,Missing,BMC,1,,,
BR,Rode VideoMic Pro [1],Rode,VideoMic Pro,Audio/Audio Mics,Missing,BMC,1,CR0120598,,
BR,Samsung T7 Shield 4TB SSD,Samsung,T7 Shield 4TB SSD,Equipment,Missing,BMC,1,,RX100,
BR,Senheiser MKE600 [1],Senheiser,MKE600,Audio,Missing,BMC,1,2432tpdn004115036,,
BR,Metal Smartphone Holder,Smallrig,,Camera Support,Missing,BMC,1,50959023,,
BR,SmallRig cage A7 SIII,SmallRig,cage A7 SIII,Camera Support,Missing,BMC,1,52516581,,
BR,SmallRig Side grip,SmallRig,Side grip,Camera Support,Missing,BMC,1,,,
BR,SmallRig Top handle,SmallRig,Top handle,Camera Support,Missing,BMC,1,,,
BR,Sony  PXW-FS7 [2],Sony,PXW-FS7 II,Cameras,Missing,BMC,1,22039,bottom screw stuck - needs fixing,
BR,Sony 120GB 440/400 XQD,Sony,128GB 440/400 XQD,Camera Accessories/Camera Media,Missing,BMC,1,,,
BR,Sony 128GB 440/400 XQD #1,Sony,128GB 440/400 XQD,Camera Accessories/Camera Media,Missing,BMC,1,N/A,,
BR,Sony 128GB 440/400 XQD #2,Sony,128GB 440/400 XQD,Camera Accessories/Camera Media,Missing,BMC,1,N/A,,
BR,Sony A7S III #1,Sony,A7S III,Cameras,Missing,BMC,1,N/A,,
BR,Sony A7S III #2,Sony,A7S III,Cameras,Missing,BMC,1,N/A,,
BR,Sony BC-QZ1 Charger,Sony,BC-QZ1 Charger,Battery Chargers,Missing,BMC,1,1815825,,
BR,Sony BC-QZ1 Charger,Sony,BC-QZ1 Charger,Battery Chargers,Missing,BMC,1,6195307,,
BR,Sony BC-QZ1 Charger,Sony,BC-QZ1 Charger,Battery Chargers,Missing,BMC,1,6195308,,
BR,SONY BC-U1A Charger #2,Sony,BC-U1A Charger,Battery Chargers,Missing,BMC,1,19052900410,,
BR,Sony BP-U70 Battery [3],Sony,BP-U70 Battery,Batteries,Missing,BMC,1,1019203,A7,
BR,Sony FE 1.2/50 GM,Sony,FE 1.2/50 GM,Lenses,Missing,BMC,1,1227601,,
BR,Sony FE 1.4/85 GM,Sony,FE 1.4/85 GM,Lenses,Missing,BMC,1,1301367,,
BR,Sony FE 2.8 / 70-200 GM OSS II,Sony,FE 2.8 / 70-200 GM OSS II,Lenses,Missing,BMC,1,1019204,,
BR,Sony FE 2.8/16 - 35 GM,Sony,FE 2.8/16 - 35 GM,Lenses,Missing,BMC,1,1016052,,
BR,Sony FE 2.8/24 - 70 GM,Sony,FE 2.8/24 - 70 GM,Lenses,Missing,BMC,1,1960440,,
BR,Sony ILME - FX6V,Sony,ILME - FX6V,Cameras,Missing,BMC,1,1821632,,
BR,Sony NP-FZ100 Battery,Sony,NP-FZ100 Battery,Batteries,Missing,BMC,1,1900808,,
BR,Sony NP-FZ100 Battery,Sony,NP-FZ100 Battery,Batteries,Missing,BMC,1,3380735,,
BR,Sony NP-FZ100 Battery,Sony,NP-FZ100 Battery,Batteries,Missing,BMC,1,3380734,,
BR,Sony URX-B40 Transmitter & Receiver [1],Sony,UTX-B40,Audio/Audio Lavs,Missing,BMC,1,100177,Monitor,
BR,Sony URX-P03D,Sony,URX-P03D,Audio/Audio Lavs,Missing,BMC,1,710484,,
BR,LCD MONITOR,VILTROX,DC-70II,Monitors,Missing,BMC,1,,,
BR,PRO LED VIDEO LIGHT #1,YONGNUO,YN160III,Lighting,Missing,BMC,1,XE215H0216,,
BR,PRO LED VIDEO LIGHT #2,YONGNUO,YN160III,Lighting,Missing,BMC,1,,,
BR,PRO LED VIDEO LIGHT #3,YONGNUO,YN160III,Lighting,Missing,BMC,1,,,
BR,PRO LED VIDEO LIGHT #4,YONGNUO,YN160III,Lighting,Missing,BMC,1,,,
BR,Zoom H6,Zoom,H6,Audio/Audio Recorders,Missing,BMC,1,C50034652,,
BR,Zoom H8 HANDY RECORDER,Zoom,H8 HANDY RECORDER,Audio/Audio Recorders,Missing,BMC,1,,,
BR,Background Chroma key,,,Studio,Missing,BMC,1,6TV00020334,,
BR,Male XLR to 3.5mm,,,Audio/Audio Misc,Missing,BMC,1,,,
BR,Seamless Backdrop Black,,"Black 2,70 x 11 m",Studio,Missing,BMC,1,4VGZM220214RC,,
BR,Seamless Backdrop Carnation Pastel Pink,,"Carnation Pastel Pink 2,70 x 11 m",Studio,Missing,BMC,1,95DVM251032023D3,,
BR,Seamless Backdrop Sky Blue,,"Sky Blue 2,70 x 11 m",Studio,Missing,BMC,1,95DVM25102201X4M,,
BR,Seamless Backdrop White,,"White 2,70 x 11 m",Studio,Missing,BMC,1,3NNCKBTR0FEGX7,,
NL,Sony FX9,Sony,FX9,Cameras,Good,BMC,,4002298,,
NL,Sony A7SIII,Sony,A7SIII,Cameras,Missing,BMC,,,,
NL,Sony A9II,Sony,A9II,Cameras,Good,BMC,,,,
NL,Sony A7SII,Sony,A7SII,Cameras,Good,BMC,,,,Old camera we barely use
NL,Sony 12-24mm f/2.8,Sony,12-24mm f/2.8,Lenses,Good,BMC,,,,
NL,Sony 12-24mm f/2.8,Sony,12-24mm f/2.8,Lenses,Good,BMC,,,,
NL,Sony 24-105mm f/4.0,Sony,24-105mm f/4.0,Lenses,Good,BMC,,,,
NL,Sony 24-70mm f/2.8,Sony,24-70mm f/2.8,Lenses,Good,BMC,,,,
NL,Sony 24-70mm f/2.8,Sony,24-70mm f/2.8,Lenses,Good,BMC,,,,
NL,Sony 70-200mm f/2.8,Sony,70-200mm f/2.8,Lenses,Needs Repair,BMC,,,,
NL,Sony 70-200mm f/2.8,Sony,70-200mm f/2.8,Lenses,Good,BMC,,,,
NL,Sony 85mm f/1.8,Sony,85mm f/1.8,Lenses,Good,BMC,,,,
NL,Sony 35mm f/1.4,Sony,35mm f/1.4,Lenses,Good,BMC,,,,
NL,Irix 45mm - Cine,Irix,45mm,Lenses,Good,BMC,,,,
NL,irix 30mm - Cine,Ixix,30mm,Lenses,Good,BMC,,,,
NL,Monitor - Atomos,Atomos,Ninja V,Monitors,Good,BMC,,,,
NL,Atomos Monitor,Atomos,Shinobi 7,Monitors,Good,BMC,,,,
NL,Atomos Monitor,Atomos,Shinobi 7,Monitors,Good,BMC,,,,
NL,"15"" Field monitor",Desview,"15"" Field Monitor",Monitors,Good,BMC,,,,
NL,Sachtler Flowtech Tripod,Sachtler,Flowtech,Tripods,Needs Repair,BMC,,,,
NL,Sirui Video Tripod,Sirui,SH25,Tripods,Good,BMC,,,,
NL,Sirui Photo Tripod,Sirui,SH25,Tripods,Good,BMC,,,,
NL,Gimble,Ronin,Ronin S,Grip,Good,BMC,,,,
NL,"C-Stand BIG ",NA,NA,Lighting,Good,BMC,,,"4x ",
NL,C-Stand SMALL,NA,NA,Lighting,Good,BMC,,,5x,
NL,"C-Stand VERY BIG ",NA,NA,Lighting,Good,BMC,,,,
NL,"Boom Stand ",NA,Na,Lighting,Good,BMC,,,,
NL,SmallRig 15cm Carbon Rods,Smallrig,15cm Carbon Rods,Grip,Good,BMC,,,,
NL,Nova P300C,"Aputure ",Nova P300C,Lighting,Good,BMC,,,,
NL,Nanlite Forza 200,Nanlite,Forza 200,Lighting,Good,BMC,,,,
NL,Nanlite Forza 300,Nanlite,Forza 300,Lighting,Good,BMC,,,,
NL,Nanlite Forza 500,Nanlite,Forza 500,Lighting,Good,BMC,,,,
NL,Nanlite Forza 60,Nanlite,Forza 60,Lighting,Good,BMC,,,,
NL,Nanlite Forza 60,Nanlite,Forza 60,Lighting,Good,BMC,,,,
NL,Nanlite PavoTube II 6c,Nanlite,PavoTube II 6c,Lighting,Good,BMC,,,,
NL,Godox AD600PRO,Godox,AD600PRO,Lighting - Photo,Good,BMC,,,,
NL,Godox AD600PRO,Godox,AD600PRO,Lighting - Photo,Good,BMC,,,,
NL,Godox AD600PRO,Godox,AD600PRO,Lighting - Photo,Good,BMC,,,,
NL,Godox AD300PRO,Godox,AD300PRO,Lighting - Photo,Good,BMC,,,,
NL,Godox AD300POR,Godox,AD300PRO,Lighting - Photo,Good,BMC,,,,
NL,Godox Speedlite Sony Kit,Godox,V1s,Lighting - Photo,Good,BMC,,,,
NL,Mixpre-6 II,Mixpre,Mixpre-6 II,Audio,Good,BMC,,,,
NL,Sennheiser Lavalier Receiver + Transmitter,Sennheiser,SK 500 G4,Audio/Audio Lavs,Good,BMC,,,,
NL,Sennheiser Lavalier Receiver + Transmitter,Sennheiser,SK 500 G4,Audio/Audio Lavs,Good,BMC,,,,
NL,Schoeps CMIT 5u,,,,Missing,BMC,,,,
NL,Rode VideoMic Pro,Rode,VideoMic Pro,Microphones,Good,BMC,,,,
NL,Rode VideoMic NTG,Rode,Videomic NGT,Microphones,Good,BMC,,,,
NL,Rode VideoMic NTG,Rode,Videomic NGT,Microphones,Good,BMC,,,,
NL,Headphones - Sony,Sony,MDR-7506,Headphones,Good,BMC,,,,
NL,Boom Pole,K-Tek,,Audio,Good,BMC,,,,
NL,FX Lion Nano Case,,,,Missing,BMC,,,,
NL,FX Lion Nano V-Lock,,,,Missing,BMC,,,,
NL,FX Lion Nano V-Lock,,,,Missing,BMC,,,,
NL,FX Lion Nano V-Lock,,,,Missing,BMC,,,,
NL,FX Lion Nano V-Lock,,,,Missing,BMC,,,,
NL,FX Lion Nano V-Lock,,,,Missing,BMC,,,,
NL,FX Lion Nano Charger,,,,Missing,BMC,,,,
NL,Sony NP-FZ100,,,,Missing,BMC,,,,
NL,Sony NP-FZ100,,,,Missing,BMC,,,,
NL,Sony NP-FZ100,,,,Missing,BMC,,,,
NL,Sony NP-FZ100,,,,Missing,BMC,,,,
NL,Sony NP-FZ100,,,,Missing,BMC,,,,
NL,Sony NP-FZ100,,,,Missing,BMC,,,,
NL,Sony NP-FZ100,,,,Missing,BMC,,,,
NL,Sony NP-FZ100,,,,Missing,BMC,,,,
NL,Falcon Eyes NP-F750,,,,Missing,BMC,,,,
NL,Falcon Eyes NP-F750,,,,Missing,BMC,,,,
NL,Falcon Eyes NP-F750,,,,Missing,BMC,,,,
NL,Falcon Eyes NP-F750,,,,Missing,BMC,,,,
NL,Falcon Eyes NP-F550,,,,Missing,BMC,,,,
NL,Falcon Eyes NP-F550,,,,Missing,BMC,,,,
NL,Samsung T7 1TB Red,,,,Missing,BMC,,,,
NL,Terradek 4K LT,Terradek,Bolt 4K,Camera Support,Good,BMC,,,,
NL,VO Screen,Devine,"RF 40 ",Audio/Audio Misc,Good,,1,,,
NL,Fog Machine,Beamz,H2000,Studio,Good,,1,,,
NL,Beauty Dish,Godox,NA,Lighting - Photo,Good,,1,,,
NL,Handheld Fog Machine,Fog Machine,Smoke S,Studio,Good,,1,,,
NL,Handheld Fog Machine,Fog Machine,Smoke S,Studio,Good,,1,,,
NL,Probe Lens,Laowa,NA,Lighting,Good,,1,E29583,,
NL,Table Mount,"El Gato ",21GAL9902,Grip,Good,,1,,,
NL,Nanlite Forza 720b,Nanlite,Forza 720b,Lighting,Good,,1,,,
NL,Infinibar PB6,Aputure,Infinibar PB6,Lighting,Good,,1,,,
NL,Teleprompter,Gongyi,NA,Studio,Good,,1,,,
NL,"Walkietalkie ",Motorola,Talkabout T82,Studio,Good,,1,,8x,
NL,Zeiss 35mm f/2.8,Zeis,35mm f/2.8,Lenses,Good,,1,,,
NL,Sigma 10-18mm f/2.8,Sigma,10-18mm f/2.8,Lenses,Good,,1,,,
NL,Sony 28-70mm f/3.5-5.6,Sony,28-70mm f/3.5-5.6,Lenses,Good,,1,,,
NL,Sirui Travel Tripod,Sirui,N-1204X,Tripods,Good,,1,,,
NL,Sirui Travel Tripod,Sirui,N-1204X,Tripods,Good,,1,,,
NL,Benro Monopod,Benro,C38T,Tripods,Good,,1,,,
NL,Ventosa Tripod,Ventosa,NA,Tripods,Good,,1,,,
NL,Travel Tripod,Vanguard,VEO3GO235CB,Tripods,Good,,1,,,
NL,Softbox 25-100,Jinbei,KE 25-100,Lighting,Good,,1,,,
NL,Softbox 35-140,Jinbei,KE 35-140,Lighting,Good,,1,,,
NL,Softbox 35-140,Jinbei,KE 35-140,Lighting,Good,,1,,,
NL,Softbox 70-100,Jinbei,KE 70x100,Lighting,Good,,1,,,
NL,Softbox 90 Deep Octa,Jinbei,KE 90 - Deep Octa,Lighting,Good,,1,,,
NL,Softbox 150 Octa,Jinbei,KE 150 Octa,Lighting,Good,,1,,,
NL,Snapgrid - Astera,Snapgrid,SGAT14W40,Lighting,Good,,1,,,
NL,Snapgrid - Astera,Snapgrid,SGAT14W40,Lighting,Good,,1,,,
NL,Airtube 100,Caligri,Airtube 100,Lighting,Good,,1,,,
NL,"Nanlite Spotlight Mount ",Nanlite,PJ-BM-36,Lighting,Good,,1,,,
NL,Nanlite Fresnel Lens,Nanlite,FL206,Lighting,Good,,1,,,
NL,Electic Motorized Video Dolly,Neewer,DL200,Grip,Good,,1,,,
NL,Electric Motorized Video Dolly,Neewer,DL300,Grip,Good,,1,,,
NL,Sony 24mm f/1.4,Sony,24mm f/1.4,Lenses,Good,,1,,,
NL,Panasonic Lumix BGH1,"Panasonic ",DC-BHG1,Cameras,Good,,1,,,
NL,Panasonic Lumix BGH1,Panasonic,DC-BHG1,Cameras,Good,,1,,,
NL,Panasonic Lumix BGH1,Panasonic,DC-BHG1,Cameras,Good,,1,,,
NL,Panasonic Lumix BGH1,"Panasonic ",DC-BHG1,Camera Support,Good,,1,,,
NL,Panasonic Lumix BGH1,Panasonic,DC-BHG1,Cameras,Good,,1,,,
NL,Laowa 7.5mm f/2,Laowa,7.5mm f/2,Lenses,Good,,1,,,
NL,Laowa 7.5mm f/2,Laowa,7.5mm f/2,Lenses,Good,,1,,,
NL,Laowa 7.5mm f/2,Laowa,7.5mm f/2,Lenses,Good,,1,,,
NL,Laowa 7.5mm f/2,Laowa,7.5mm f/2,Lenses,Good,,1,,,
NL," Laowa 7.5mm f/2",Laowa,7.5mm f/2,Lenses,Good,,1,,,
NL,Sony FX30,Sony,FX30,Cameras,Good,,1,2000456,,
NL,Sony FX30,Sony,FX30,Cameras,Good,,1,2013760,,
NL,Sony FX30,Sony,FX30,Cameras,Good,,1,2009321,,
NL,Sony FX30,Sony,FX30,Cameras,Good,,1,2009341,,
NL,Sony FX30,Sony,FX30,Cameras,Good,,1,2009322,,
NL,Sony A1,Sony,A1,Cameras,Good,,1,,,
NL,Sony 11mm f/1.8,Sony,11mm f/1.8,Lenses,Good,,1,,,
NL,Sony 11mm f/1.8,Sony,11mm f/1.8,Lenses,Good,,1,,,
NL,Sony 11mm f/1.8,Sony,11mm f/1.8,Lenses,Good,,1,,,
NL,Sony 11mm f/1.8,Sony,11mm f/1.8,Lenses,Good,,1,,,
NL,Sony 11mm f/1.8,Sony,11mm f/1.8,Lenses,Good,,1,,,
NL,Softbox 140 Deep,Jinbei,"140 Deep ",Lighting,Good,,1,,,
NL,Sony 24-70mm f/2.8,Sony,24-70mm f/2.8,Lenses,Good,,1,,,
NL,Sony 50mm f/1.4,Sony,50mm f/1.4,Lenses,Good,,1,,,
NL,Rode VideoMic NTG,Rode,VideoMic NTG,Microphones,Needs Repair,,1,,,
NL,Rode VideoMic Pro,Rode,VideoMic Pro,Microphones,Good,,1,,,
NL,"Smallrig Cage ",Smallrig,Cage,Grip,Good,,1,,,
NL,"Smallrig Top Handle ",Smallrig,Top Handle,Grip,Good,,1,,,
NL,Smallrigh Wooden Side Handle,Smallrig,Wooden Side Handle,Grip,Good,,1,,,
NL,Smallrigh Wooden Side Handle,Smallrig,Smallrig,Grip,Good,,1,,,
NL,Smallrig Vertical Mount,Smallrig,Vertical Mount,Grip,Good,,1,,,
NL,"Smallrig Cage ",Smallrig,Cage,Grip,Good,,1,,,
NL,DJI Mic 3 + Pouch,DJI,DJI Mic 3,Microphones,Good,,1,,,
NL,DJI Mic 3 + Pouch,DJI,DJI Mic 3,Microphones,Good,,1,,,
NL,Monitor - SmallHD,"SmallHD ",Cine 5,Monitors,Good,,1,,,
NL,Monitor - SmallHD,SmallHD,Cine 5,Monitors,Good,,1,,,
NL,Monitor - Atomos,Atomos,Ninja V,Monitors,Good,,1,,,
NL,Smallrig Monitor Cage,Smallrig,Monitor Cage,Grip,Good,,1,,,
NL,Smallrig Monitor Cage,Smallrig,Monitor Cage,Grip,Good,,1,,,
NL,Atomos Monitor,Atomos,Shinobi 7,Monitors,Good,,1,,,
NL,Kingston 256GB SD Card,Kingston,256GB - 300 mb/s,Camera Support,Good,,1,,6x,
NL,Kingston 128GB SD Card,Kingston,128GB - 300 mb/s,Camera Support,Good,,1,,9x,
NL,Sandisk Extreme Plus 32GB SD Card,Sandisk,32GB - 90 mb/s,Camera Support,Good,,1,,1x,
NL,Sony 128GB SD Card,Sony,128GB - 300 mb/s,Camera Support,Good,,1,,2x,
NL,Sony XSD 120GB SD Card,Sony,120GB - 400 mb/s,Camera Support,Good,,1,,2x,
NL,Sony XSD 240GB SD Card,Sony,240GB - 400 mb/s,Camera Support,Good,,1,,2x,
NL,Sandisk Extreme PRO 512GB SD Card,Sandisk,512GB - 170 mb/s,Camera Support,Good,,1,,5x,
NL,Sandisk Extreme Plus 128GB Micro SD Card,Sandisk,128GB - 200 mb/s,Camera Support,Good,,1,,,
NL,GOPRO 8,GOPRO,"HERO 8 ",Cameras,Good,,1,,"Including accessories ",
NL,Panasonic 3MOS,Panasonic,3MOS HDC-TM700,Cameras,Good,,1,,,
NL,Godox Flash Transmitter,"Godox ","X PRO S ",Lighting - Photo,Good,,1,,,
NL,Headphones - Audio Technica,Audio Technica,ATH-M30x,Headphones,Good,,1,,3x,
NL,"Audio Recorder ",ZOOM,H5,Audio/Audio Recorders,Good,,1,,,
NL,"MC Light ",Apurture,"MC ",Lighting,Good,,1,,,
NL,"JBL Speaker ",JBL,Charge 4,Audio,Good,,1,,,
NL,"JBL Speaker ",JBL,Charge,Audio,Good,,1,,,
NL,Sennheiser Lavalier Receiver + Transmitter,Sennheiser,SK 500 G4,Audio/Audio Lavs,Good,,1,,,
NL,"Lavalier Mic ",Sanken,COS-11D PT,Audio/Audio Lavs,Good,,1,,,
NL,"Lavalier Mic ",Sanken,COS-11D PT,Audio/Audio Lavs,Good,,1,,,
NL,"Lavalier Mics ",NA,NA,Audio/Audio Lavs,Good,,1,,4x Old Lav Mics,
NL,"Standing Mic + Transmitter ",Sennheiser,EW - G4,Audio/Audio Mics,Good,,1,,,
NL,"Standing Mic + Transmitter ",Sennheiser,EW - G4,Audio/Audio Mics,Good,,1,,,
NL,"Rode FX9 Mic ",Rode,NA,Audio/Audio Mics,Good,,1,,,
NL,Titan Tubes 8x,Astera,Titan,Lighting,Good,,1,,,Missing 4 plates from the case
NL,"Astera Transmitter Box ",Astera,NA,Lighting,Good,,1,,,
NL,"Easyrig ","Easyrig ",Minimax,Camera Support,Good,,1,,,
NL,"Light stands ",NA,NA,Lighting,Good,,1,,7x,